Tempo Decorrido; Velocidade; Rotacao; Acelerador; Freio; Hodometro Parcial; Ref, Velo; Max Torque+; Max Torque-; Torque Motor;TempMos1; TempMos2; TempAr; TempMotor; Tensao Bat; Corrente Motor; Tensao Motor;  id; iq; idx; iqx; GPV; GIV; GDV; GPC; GIC; GPF; GIF; FluxoMax; Cod, Falha; Cod, Alarme; Controle Cruzeiro; Ass, Rampa;SOC; Corrente Pack; Estado de Teste; 
0,1;0;0;0;0;0;5831;0;0;0;335;327;462;0;535;521;0;1906;65535;1881;0;70;900;0;75;20;30;1;120;0;70;29;0;0;0;1;
0,26;0;0;0;0;0;5831;0;0;0;335;327;462;0;535;521;0;1891;65528;1880;0;70;900;0;75;20;30;1;120;0;70;29;0;0;0;1;
0,36;0;0;0;0;0;5831;0;0;0;335;326;462;0;535;521;0;1862;6;1883;0;70;900;0;75;20;30;1;120;0;70;29;0;0;0;1;
0,48;0;0;0;0;0;5831;0;0;0;335;326;462;0;535;520;0;1867;65534;1881;0;70;900;0;75;20;30;1;120;0;70;29;0;0;0;1;
0,58;0;0;0;0;0;5831;0;0;0;335;326;462;0;535;520;0;1877;13;1880;0;70;900;0;75;20;30;1;120;0;70;29;0;0;0;1;
0,68;0;0;0;0;0;5831;0;0;0;335;326;462;0;535;518;0;1857;65524;1881;0;70;900;0;75;20;30;1;120;0;70;28;0;0;0;1;
0,8;0;0;0;0;0;5831;0;0;0;335;326;462;0;535;518;0;1895;7;1880;0;70;900;0;75;20;30;1;120;0;70;29;0;0;0;1;
0,9;0;0;0;0;0;5831;0;0;0;335;326;462;0;535;518;0;1876;14;1880;0;70;900;0;75;20;30;1;120;0;70;29;0;0;0;1;
1,02;0;0;0;0;0;5831;0;0;0;335;326;462;0;535;518;0;1875;1;1881;0;70;900;0;75;20;30;1;120;0;70;28;0;0;0;1;
1,12;0;0;0;0;0;5831;0;0;0;335;326;462;0;535;518;0;1882;27;1881;0;70;900;0;75;20;30;1;120;0;70;29;0;0;0;1;
1,25;0;0;0;0;0;5831;0;0;0;335;326;462;0;535;517;0;1898;0;1880;0;70;900;0;75;20;30;1;120;0;70;29;0;0;0;1;
1,35;0;0;0;0;0;5831;0;0;0;335;326;462;0;535;515;0;1892;0;1881;0;70;900;0;75;20;30;1;120;0;70;28;0;0;0;1;
1,47;0;0;0;0;0;5831;0;0;0;335;326;462;0;535;514;0;1872;65526;1880;0;70;900;0;75;20;30;1;120;0;70;29;0;0;0;1;
1,57;0;0;0;0;0;5831;0;0;0;335;326;462;0;535;513;0;1855;24;1880;0;70;900;0;75;20;30;1;120;0;70;29;0;0;0;1;
1,67;0;0;0;0;0;5831;0;0;0;335;326;462;0;535;512;0;1858;65531;1881;0;70;900;0;75;20;30;1;120;0;70;29;0;0;0;1;
1,79;0;0;0;0;0;5831;0;0;0;335;326;462;0;535;511;0;1904;65529;1881;0;70;900;0;75;20;30;1;120;0;70;29;0;0;0;1;
1,89;0;0;0;0;0;5831;0;0;0;335;326;462;0;535;510;0;1873;24;1881;0;70;900;0;75;20;30;1;120;0;70;29;0;0;0;1;
2,01;0;0;0;0;0;5831;0;0;0;335;326;462;0;535;510;0;1862;65528;1880;0;70;900;0;75;20;30;1;120;0;70;29;0;0;0;1;
2,11;0;0;0;0;0;5831;0;0;0;335;326;462;0;535;509;0;1908;65532;1880;0;70;900;0;75;20;30;1;120;0;70;29;0;0;0;1;
2,23;0;0;0;0;0;5831;0;0;0;335;326;462;0;535;508;0;1862;4;1880;0;70;900;0;75;20;30;1;120;0;70;29;0;0;0;1;
2,33;0;0;0;0;0;5831;0;0;0;335;326;462;0;535;508;0;1867;12;1880;0;70;900;0;75;20;30;1;120;0;70;29;0;0;0;1;
2,46;0;0;0;0;0;5831;0;0;0;335;326;462;0;535;508;0;1885;25;1880;0;70;900;0;75;20;30;1;120;0;70;29;0;0;0;1;
2,56;0;0;0;0;0;5831;0;0;0;335;326;462;0;535;508;0;1872;9;1880;0;70;900;0;75;20;30;1;120;0;70;29;0;0;0;1;
2,66;0;0;0;0;0;5831;0;0;0;335;326;462;0;535;507;0;1885;7;1880;0;70;900;0;75;20;30;1;120;0;70;29;0;0;0;1;
2,78;0;0;0;0;0;5831;0;0;0;335;326;462;0;535;506;0;1871;21;1880;0;70;900;0;75;20;30;1;120;0;70;29;0;0;0;1;
2,88;0;0;0;0;0;5831;0;0;0;335;326;462;0;535;505;0;1876;18;1880;0;70;900;0;75;20;30;1;120;0;70;29;0;0;0;1;
3;0;0;0;0;0;5831;0;0;0;335;326;462;0;535;504;0;1884;8;1880;0;70;900;0;75;20;30;1;120;0;70;29;0;0;0;1;
3,1;0;0;0;0;0;5831;0;0;0;335;326;462;0;535;504;0;1862;17;1883;0;70;900;0;75;20;30;1;120;0;70;28;0;0;0;1;
3,22;0;0;0;0;0;5831;0;0;0;335;326;462;0;535;505;0;1907;65535;1883;0;70;900;0;75;20;30;1;120;0;70;28;0;0;0;1;
3,32;0;0;0;0;0;5831;0;0;0;335;326;462;0;535;504;0;1875;65534;1881;0;70;900;0;75;20;30;1;120;0;70;29;0;0;0;1;
3,44;0;0;0;0;0;5831;0;0;0;335;326;462;0;535;502;0;1879;65515;1884;0;70;900;0;75;20;30;1;120;0;70;29;0;0;0;1;
3,54;0;0;0;0;0;5831;0;0;0;335;326;462;0;535;502;0;1879;65515;1884;0;70;900;0;75;20;30;1;120;0;70;29;0;0;0;1;
3,67;0;0;0;0;0;5831;0;0;0;335;326;462;0;535;502;0;1898;17;1881;0;70;900;0;75;20;30;1;120;0;70;29;0;0;0;1;
3,77;0;0;0;0;0;5831;0;0;0;335;326;462;0;535;500;0;1902;6;1881;0;70;900;0;75;20;30;1;120;0;70;29;0;0;0;1;
3,87;0;0;0;0;0;5831;0;0;0;335;326;462;0;535;497;0;1888;4;1881;0;70;900;0;75;20;30;1;120;0;70;29;0;0;0;1;
3,99;0;0;0;0;0;5831;0;0;0;335;326;462;0;535;499;0;1874;25;1881;0;70;900;0;75;20;30;1;120;0;70;29;0;0;0;1;
4,09;0;0;0;0;0;5831;0;0;0;335;326;462;0;535;502;0;1893;22;1881;0;70;900;0;75;20;30;1;120;0;70;29;0;0;0;1;
4,21;0;0;0;0;0;5831;0;0;0;335;326;462;0;535;504;0;1866;5;1881;0;70;900;0;75;20;30;1;120;0;70;29;0;0;0;1;
4,31;0;0;0;0;0;5831;0;0;0;335;326;462;0;535;505;0;1890;65524;1881;0;70;900;0;75;20;30;1;120;0;70;29;0;0;0;1;
4,44;0;0;0;0;0;5831;0;0;0;335;326;462;0;535;505;0;1885;1;1881;0;70;900;0;75;20;30;1;120;0;70;29;0;0;0;1;
4,54;0;0;0;0;0;5831;0;0;0;335;326;462;0;535;506;0;1898;10;1881;0;70;900;0;75;20;30;1;120;0;70;29;0;0;0;1;
4,66;0;0;0;0;0;5831;0;0;0;335;326;462;0;535;507;0;1867;6;1881;0;70;900;0;75;20;30;1;120;0;70;29;0;0;0;1;
4,76;0;0;0;0;0;5831;0;0;0;335;326;462;0;535;507;0;1894;7;1881;0;70;900;0;75;20;30;1;120;0;70;29;0;0;0;1;
4,86;0;0;0;0;0;5831;0;0;0;335;326;462;0;535;509;0;1894;7;1881;0;70;900;0;75;20;30;1;120;0;70;29;0;0;0;1;
4,98;0;0;0;0;0;5831;0;0;0;335;326;462;0;535;509;0;1872;65530;1881;0;70;900;0;75;20;30;1;120;0;70;29;0;0;0;1;
5,08;0;0;0;0;0;5831;0;0;0;335;326;462;0;535;509;0;1867;2;1881;0;70;900;0;75;20;30;1;120;0;70;29;0;0;0;1;
5,2;0;0;0;0;0;5831;0;0;0;335;326;462;0;535;510;0;1900;1;1881;0;70;900;0;75;20;30;1;120;0;70;29;0;0;0;1;
5,3;0;0;0;0;0;5831;0;0;0;335;326;463;0;535;511;0;1905;65535;1881;0;70;900;0;75;20;30;1;120;0;70;29;0;0;0;1;
5,42;0;0;0;0;0;5831;0;0;0;335;326;463;0;535;511;0;1868;3;1881;0;70;900;0;75;20;30;1;120;0;70;29;0;0;0;1;
5,52;0;0;0;0;0;5831;0;0;0;335;326;463;0;535;511;0;1896;6;1881;0;70;900;0;75;20;30;1;120;0;70;29;0;0;0;1;
5,65;0;0;0;0;0;5831;0;0;0;335;326;463;0;535;513;0;1882;1;1881;0;70;900;0;75;20;30;1;120;0;70;29;0;0;0;1;
5,75;0;0;0;0;0;5831;0;0;0;335;326;463;0;535;514;0;1902;10;1881;0;70;900;0;75;20;30;1;120;0;70;29;0;0;0;1;
5,85;0;0;0;0;0;5831;0;0;0;335;326;463;0;535;515;0;1935;10;1880;0;70;900;0;75;20;30;1;120;0;70;29;0;0;0;1;
5,97;0;0;0;0;0;5831;0;0;0;335;326;463;0;535;517;0;1866;8;1880;0;70;900;0;75;20;30;1;120;0;70;30;0;0;0;1;
6,07;0;0;0;0;0;5831;0;0;0;335;326;463;0;535;518;0;1877;11;1880;0;70;900;0;75;20;30;1;120;0;70;29;0;0;0;1;
6,19;0;0;0;0;0;5831;0;0;0;335;326;463;0;535;520;0;1847;65525;1881;0;70;900;0;75;20;30;1;120;0;70;29;0;0;0;1;
6,29;0;0;0;0;0;5831;0;0;0;335;324;463;0;535;521;0;1883;65535;1881;0;70;900;0;75;20;30;1;120;0;70;29;0;0;0;1;
6,41;0;0;0;0;0;5831;0;0;0;335;324;463;0;535;522;0;1872;2;1880;0;70;900;0;75;20;30;1;120;0;70;30;0;0;0;1;
6,51;0;0;0;0;0;5831;0;0;0;335;324;463;0;535;526;0;1874;9;1877;0;70;900;0;75;20;30;1;120;0;70;30;0;0;0;1;
6,63;0;0;0;0;0;5831;0;0;0;335;324;463;0;535;527;0;1912;4;1880;0;70;900;0;75;20;30;1;120;0;70;29;0;0;0;1;
6,73;0;0;0;0;0;5831;0;0;0;335;324;463;0;535;527;0;1916;13;1880;0;70;900;0;75;20;30;1;120;0;70;29;0;0;0;1;
6,83;0;0;0;0;0;5831;0;0;0;335;324;463;0;535;528;0;1867;4;1877;0;70;900;0;75;20;30;1;120;0;70;29;0;0;0;1;
6,96;0;0;0;0;0;5831;0;0;0;335;324;463;0;535;529;0;1887;65532;1880;0;70;900;0;75;20;30;1;120;0;70;29;0;0;0;1;
7,06;0;0;0;0;0;5831;0;0;0;335;324;463;0;535;530;0;1879;19;1880;0;70;900;0;75;20;30;1;120;0;70;29;0;0;0;1;
7,18;0;0;0;0;0;5831;0;0;0;335;324;463;0;535;532;0;1878;0;1880;0;70;900;0;75;20;30;1;120;0;70;29;0;0;0;1;
7,28;0;0;0;0;0;5831;0;0;0;335;324;463;0;535;532;0;1869;5;1883;0;70;900;0;75;20;30;1;120;0;70;29;0;0;0;1;
7,4;0;0;0;0;0;5831;0;0;0;335;324;463;0;535;531;0;1851;8;1881;0;70;900;0;75;20;30;1;120;0;70;29;0;0;0;1;
7,5;0;0;0;0;0;5831;0;0;0;335;324;463;0;535;531;0;1871;65531;1884;0;70;900;0;75;20;30;1;120;0;70;29;0;0;0;1;
7,63;0;0;0;0;0;5831;0;0;0;335;324;463;0;535;534;0;1906;4;1884;0;70;900;0;75;20;30;1;120;0;70;29;0;0;0;1;
7,73;0;0;0;0;0;5831;0;0;0;335;324;463;0;535;536;0;1875;65532;1879;0;70;900;0;75;20;30;1;120;0;70;29;0;0;0;1;
7,83;0;0;0;0;0;5831;0;0;0;335;324;463;0;535;537;0;1857;65529;1878;0;70;900;0;75;20;30;1;120;0;70;29;0;0;0;1;
7,95;0;0;0;0;0;5831;0;0;0;335;324;463;0;535;538;0;1866;65512;1881;0;70;900;0;75;20;30;1;120;0;70;29;0;0;0;1;
8,05;0;0;0;0;0;5831;0;0;0;335;324;463;0;535;539;0;1887;65530;1884;0;70;900;0;75;20;30;1;120;0;70;29;0;0;0;1;
8,17;0;0;0;0;0;5831;0;0;0;335;324;463;0;535;540;0;1906;65533;1881;0;70;900;0;75;20;30;1;120;0;70;29;0;0;0;1;
8,27;0;0;0;0;0;5831;0;0;0;335;324;463;0;535;540;0;1878;65534;1881;0;70;900;0;75;20;30;1;120;0;70;29;0;0;0;1;
8,39;0;0;0;0;0;5831;0;0;0;335;324;463;0;535;540;0;1909;17;1878;0;70;900;0;75;20;30;1;120;0;70;30;0;0;0;1;
8,49;0;0;0;0;0;5831;0;0;0;335;324;463;0;535;540;0;1872;65528;1880;0;70;900;0;75;20;30;1;120;0;70;31;0;0;0;1;
8,62;0;4;7220;0;0;5831;2021;2021;44;335;324;463;0;531;620;7;1802;5944;1460;6465;70;900;0;75;20;30;1;120;0;70;31;0;0;0;1;
8,72;5;72;10000;0;0;5831;2800;2800;509;335;324;463;0;503;1659;35;1817;8862;1892;8957;70;900;0;75;20;30;1;120;0;70;1375;0;0;0;1;
8,84;19;245;9953;0;0;5831;2786;2786;890;335;324;463;0;499;2105;98;65298;7255;512;8912;70;900;0;75;20;30;1;120;0;70;2263;0;0;0;1;
8,94;40;496;9986;0;0;5831;2796;2796;1226;335;324;463;0;495;2382;147;827;8984;1339;8944;70;900;0;75;20;30;1;120;0;70;2263;0;0;0;1;
9,06;58;719;10000;0;0;5831;2800;2800;1510;335;324;463;0;494;2527;182;989;8686;967;8957;70;900;0;75;20;30;1;120;0;70;2137;0;0;0;1;
9,16;72;891;10000;0;0;5831;2800;2800;1747;335;324;463;0;492;2615;203;1868;9086;1537;8957;70;900;0;75;20;30;1;120;0;70;2149;0;0;0;1;
9,54;107;1324;9960;0;0;5831;2800;2800;2217;335;324;463;0;480;2891;301;977;10638;590;11020;70;900;0;75;20;30;1;120;0;70;2644;0;0;0;1;
9,64;113;1395;9912;0;0;5831;2775;2775;2103;335;324;463;0;481;3096;315;977;10638;590;11020;70;900;0;75;20;30;1;120;0;70;2644;0;0;0;1;
9,8;121;1488;10000;0;0;5831;2800;2800;2332;335;324;463;0;484;3229;343;980;11267;1217;11068;70;900;0;75;20;30;1;120;0;70;2550;0;0;0;1;
9,9;123;1512;10000;0;0;5831;2800;2800;2417;335;324;463;0;484;3250;343;747;10961;527;11068;70;900;0;75;20;30;1;120;0;70;2553;0;0;0;1;
10,02;125;1542;10000;0;0;5831;2800;2800;2487;335;324;463;0;481;3261;343;907;11397;959;11068;70;900;0;75;20;30;1;120;0;70;2648;0;0;0;1;
10,12;129;1583;9953;0;0;5831;2786;2786;2520;335;324;463;0;485;3259;343;1065;11396;858;11013;70;900;0;75;20;30;1;120;0;70;2648;0;0;0;1;
10,25;133;1635;9979;0;0;5831;2794;2794;2444;335;324;463;0;482;3256;364;297;10940;590;11044;70;900;0;75;20;30;1;120;0;69;2479;0;0;0;1;
10,35;138;1694;9974;0;0;5831;2792;2792;2353;346;333;463;0;486;3257;364;680;11002;343;11036;70;900;0;75;20;30;1;120;0;69;2390;0;0;0;1;
10,47;143;1756;10000;0;0;5831;2800;2800;2304;346;333;463;0;486;3240;364;1015;11068;223;11068;70;900;0;75;20;30;1;120;0;69;2390;0;0;0;1;
10,57;148;1819;9974;0;0;5831;2792;2792;2252;346;333;463;0;488;3250;364;132;10716;666;11036;70;900;0;75;20;30;1;120;0;69;2274;0;0;0;1;
10,69;158;1946;9979;0;0;5831;2794;2794;2169;346;333;463;0;490;3244;378;244;10753;431;11044;70;900;0;75;20;30;1;120;0;69;2275;0;0;0;1;
10,79;163;2006;10000;0;0;5831;2800;2800;2134;346;333;463;0;488;3238;392;536;11514;519;11068;70;900;0;75;20;30;1;120;0;69;2275;0;0;0;1;
10,91;168;2066;9939;0;0;5831;2782;2782;2103;346;333;463;0;490;3216;399;201;10493;271;10997;70;900;0;75;20;30;1;120;0;69;2050;0;0;0;1;
11,01;172;2121;9953;0;0;5831;2786;2786;2040;346;333;463;0;491;3165;420;134;10260;760;11013;70;900;0;75;20;30;1;120;0;69;2161;0;0;0;1;
11,13;177;2179;9953;0;0;5831;2786;2786;1962;346;333;463;0;491;2994;441;335;10231;885;11013;70;900;0;75;20;30;1;120;0;69;2025;0;0;0;1;
11,23;182;2234;9986;0;0;5831;2796;2796;1898;346;333;463;0;491;2895;462;897;9591;618;11052;70;900;0;75;20;30;1;120;0;69;2025;0;0;0;1;
11,36;186;2287;10000;0;0;5831;2800;2800;1831;367;356;463;0;492;2806;476;557;8593;111;11068;70;900;0;75;20;30;1;120;0;69;1947;0;0;0;1;
11,46;190;2341;10000;0;0;5831;2800;2800;1750;367;356;463;0;494;2715;497;887;9441;425;11068;70;900;0;75;20;30;1;120;0;69;1922;0;0;0;1;
11,58;195;2395;9967;0;0;5831;2790;2790;1681;367;356;463;0;495;2653;497;15;9262;507;11028;70;900;0;75;20;30;1;120;0;69;1922;0;0;0;1;
11,68;199;2447;9967;0;0;5831;2790;2790;1624;367;356;463;0;495;2595;518;425;7837;184;11028;70;900;0;75;20;30;1;120;0;69;1852;0;0;0;1;
11,8;207;2546;9960;0;0;5831;2788;2788;1506;367;356;463;0;495;2494;525;65276;8126;251;11020;70;900;0;75;20;30;1;120;0;69;1834;0;0;0;1;
11,9;211;2593;9939;0;0;5831;2782;2782;1466;367;356;463;0;496;2457;525;1332;8313;8;10997;70;900;0;75;20;30;1;120;0;69;1834;0;0;0;1;
12,02;214;2638;9974;0;0;5831;2792;2792;1418;367;356;463;0;497;2417;532;551;7682;32;11036;70;900;0;75;20;30;1;120;0;69;1785;0;0;0;1;
12,12;218;2681;10000;0;0;5831;2800;2800;1379;367;356;463;0;497;2388;532;568;7168;305;11068;70;900;0;75;20;30;1;120;0;65;1793;0;0;0;1;
12,25;221;2723;10000;0;0;5831;2800;2800;1338;367;356;463;0;497;2350;532;320;7853;616;11068;70;900;0;75;20;30;1;120;0;65;1793;0;0;0;1;
12,35;225;2765;9939;0;0;5831;2782;2782;1296;381;372;463;0;499;2302;546;426;8782;592;10997;70;900;0;75;20;30;1;120;0;65;1785;0;0;0;1;
12,47;228;2805;9986;0;0;5831;2796;2796;1261;381;372;463;0;499;2262;546;214;7391;413;11052;70;900;0;75;20;30;1;120;0;65;1646;0;0;0;1;
12,57;231;2844;9960;0;0;5831;2788;2788;1226;381;372;463;0;499;2224;553;392;7684;483;11020;70;900;0;75;20;30;1;120;0;65;1646;0;0;0;1;
12,69;237;2918;10000;0;0;5831;2800;2800;1164;381;372;463;0;499;2183;553;751;7500;1;11068;70;900;0;75;20;30;1;120;0;65;1650;0;0;0;1;
12,79;240;2954;10000;0;0;5831;2800;2800;1138;381;372;463;0;500;2146;546;278;7206;449;11068;70;900;0;75;20;30;1;120;0;65;1606;0;0;0;1;
12,91;243;2988;10000;0;0;5831;2800;2800;1106;381;372;463;0;501;2110;553;73;7419;403;11068;70;900;0;75;20;30;1;120;0;65;1606;0;0;0;1;
13,01;246;3020;9986;0;0;5831;2796;2796;1082;381;372;463;0;501;2087;553;266;6570;239;11052;70;900;0;75;20;30;1;120;0;65;1540;0;0;0;1;
13,13;248;3052;10000;0;0;5831;2800;2800;1059;381;372;463;0;501;2062;553;572;6348;131;11068;70;900;0;75;20;30;1;120;0;65;1548;0;0;0;1;
13,23;251;3082;10000;0;0;5831;2800;2800;1036;381;372;463;0;501;2033;553;316;7502;520;11068;70;900;0;75;20;30;1;120;0;65;1548;0;0;0;1;
13,36;253;3113;9960;0;0;5831;2788;2788;1013;384;374;463;0;501;2019;553;1422;7215;0;11020;70;900;0;75;20;30;1;120;0;65;1517;0;0;0;1;
13,46;256;3143;9967;0;0;5831;2790;2790;991;384;374;463;0;502;1997;553;194;7667;427;11028;70;900;0;75;20;30;1;120;0;65;1436;0;0;0;1;
13,58;258;3172;10000;0;0;5831;2800;2800;979;384;374;463;0;502;1985;553;130;6701;227;11068;70;900;0;75;20;30;1;120;0;65;1436;0;0;0;1;
13,68;260;3197;10000;0;0;5831;2800;2800;962;384;374;463;0;502;1972;553;604;7017;194;11068;70;900;0;75;20;30;1;120;0;65;1496;0;0;0;1;
13,8;264;3246;9979;0;0;5831;2794;2794;931;384;374;463;0;502;1925;560;495;5993;71;11044;70;900;0;75;20;30;1;120;0;65;1463;0;0;0;1;
13,9;266;3269;9967;0;0;5831;2790;2790;919;384;374;463;0;503;1926;553;405;5807;299;11028;70;900;0;75;20;30;1;120;0;65;1463;0;0;0;1;
14;268;3291;9953;0;0;5831;2786;2786;908;384;374;463;0;503;1911;553;719;6673;213;11013;70;900;0;75;20;30;1;120;0;61;1508;0;0;0;1;
14,12;269;3311;10000;0;0;5831;2800;2800;896;384;374;463;0;504;1903;553;303;5972;200;11068;70;900;0;75;20;30;1;120;0;61;1382;0;0;0;1;
14,22;271;3331;9979;0;0;5831;2794;2794;884;384;374;463;0;503;1891;560;576;6069;538;11044;70;900;0;75;20;30;1;120;0;61;1430;0;0;0;1;
14,34;273;3350;9993;0;0;5831;2798;2798;873;385;374;463;0;504;1872;553;863;6699;141;11060;70;900;0;75;20;30;1;120;0;61;1430;0;0;0;1;
14,44;274;3369;10000;0;0;5831;2800;2800;864;385;374;463;0;502;1863;553;447;6376;210;11068;70;900;0;75;20;30;1;120;0;61;1434;0;0;0;1;
14,57;276;3388;10000;0;0;5831;2800;2800;849;385;374;463;0;503;1848;553;378;6073;235;11068;70;900;0;75;20;30;1;120;0;61;1434;0;0;0;1;
14,67;277;3405;10000;0;0;5831;2800;2800;845;385;374;463;0;504;1832;553;623;5798;0;11068;70;900;0;75;20;30;1;120;0;61;1385;0;0;0;1;
14,79;280;3438;9967;0;0;5831;2790;2790;825;385;374;463;0;504;1814;553;620;6882;286;11028;70;900;0;75;20;30;1;120;0;61;1398;0;0;0;1;
14,89;281;3454;10000;0;0;5831;2800;2800;816;385;374;463;0;504;1803;553;887;7264;191;11068;70;900;0;75;20;30;1;120;0;61;1399;0;0;0;1;
15,01;282;3468;9967;0;0;5831;2790;2790;809;385;374;463;0;504;1802;553;392;6181;390;11028;70;900;0;75;20;30;1;120;0;61;1399;0;0;0;1;
15,11;283;3483;9979;0;0;5831;2794;2794;803;385;374;463;0;504;1795;553;1217;6608;0;11044;70;900;0;75;20;30;1;120;0;61;1315;0;0;0;1;
15,24;284;3496;10000;0;0;5831;2800;2800;796;385;374;463;0;503;1787;553;288;6256;311;11068;70;900;0;75;20;30;1;120;0;61;1315;0;0;0;1;
15,34;285;3509;10000;0;0;5831;2800;2800;790;384;374;463;0;504;1775;553;1046;6404;0;11068;70;900;0;75;20;30;1;120;0;61;1315;0;0;0;1;
15,46;286;3521;9974;0;0;5831;2792;2792;783;384;374;463;0;503;1767;553;383;5739;99;11036;70;900;0;75;20;30;1;120;0;61;1308;0;0;0;1;
15,56;287;3533;10000;0;0;5831;2800;2800;778;384;374;463;0;505;1755;553;917;6604;25;11060;70;900;0;75;20;30;1;120;0;61;1320;0;0;0;1;
15,72;289;3555;9993;0;0;5831;2798;2798;764;384;374;463;0;504;1750;560;727;5401;43;11060;70;900;0;75;20;30;1;120;0;61;1320;0;0;0;1;
15,82;290;3567;9953;0;0;5831;2786;2786;763;384;374;463;0;504;1739;553;758;6405;99;11013;70;900;0;75;20;30;1;120;0;57;1316;0;0;0;1;
15,94;291;3577;9974;0;0;5831;2792;2792;755;384;374;463;0;505;1727;560;423;5828;265;11036;70;900;0;75;20;30;1;120;0;57;1292;0;0;0;1;
16,04;292;3589;10000;0;0;5831;2800;2800;747;384;374;463;0;505;1720;553;191;5553;260;11068;70;900;0;75;20;30;1;120;0;57;1279;0;0;0;1;
16,16;293;3601;10000;0;0;5831;2800;2800;743;384;374;463;0;504;1721;553;473;6468;0;11068;70;900;0;75;20;30;1;120;0;57;1279;0;0;0;1;
16,26;294;3611;9979;0;0;5831;2794;2794;738;384;374;463;0;505;1714;560;1068;6017;31;11044;70;900;0;75;20;30;1;120;0;57;1305;0;0;0;1;
16,39;295;3621;9993;0;0;5831;2798;2798;734;382;374;463;0;504;1711;553;372;5852;459;11060;70;900;0;75;20;30;1;120;0;57;1336;0;0;0;1;
16,49;295;3631;10000;0;0;5831;2800;2800;728;382;374;463;0;505;1702;560;65418;5520;413;11044;70;900;0;75;20;30;1;120;0;57;1336;0;0;0;1;
16,61;297;3652;10000;0;0;5831;2800;2800;718;382;374;463;0;506;1688;560;457;5922;79;11068;70;900;0;75;20;30;1;120;0;57;1318;0;0;0;1;
16,71;298;3664;9967;0;0;5831;2790;2790;712;382;374;463;0;505;1681;560;65281;5874;93;11028;70;900;0;75;20;30;1;120;0;57;1289;0;0;0;1;
16,83;299;3674;9993;0;0;5831;2798;2798;707;382;374;463;0;505;1671;553;586;6399;7;11060;70;900;0;75;20;30;1;120;0;57;1289;0;0;0;1;
16,93;300;3685;9979;0;0;5831;2794;2794;703;382;374;463;0;505;1660;560;351;5259;164;11044;70;900;0;75;20;30;1;120;0;57;1252;0;0;0;1;
17,05;301;3695;9993;0;0;5831;2798;2798;698;382;374;463;0;506;1656;560;741;5475;39;11060;70;900;0;75;20;30;1;120;0;57;1217;0;0;0;1;
17,15;302;3706;10000;0;0;5831;2800;2800;691;382;374;463;0;505;1651;560;578;5453;155;11068;70;900;0;75;20;30;1;120;0;57;1217;0;0;0;1;
17,27;302;3717;9993;0;0;5831;2798;2798;689;382;374;463;0;506;1656;560;297;5508;131;11060;70;900;0;75;20;30;1;120;0;57;1209;0;0;0;1;
17,37;303;3727;9993;0;0;5831;2798;2798;685;380;373;463;0;506;1630;560;65517;5785;244;11068;70;900;0;75;20;30;1;120;0;57;1264;0;0;0;1;
17,5;305;3747;10000;0;0;5831;2800;2800;672;380;373;463;0;506;1618;560;941;5730;0;11068;70;900;0;75;20;30;1;120;0;57;1264;0;0;0;1;
17,59;306;3757;9490;0;0;5831;2657;2657;672;380;373;463;0;506;1625;553;453;5163;0;10503;70;900;0;75;20;30;1;120;0;57;1226;0;0;0;1;
17,72;306;3765;0;0;0;5831;0;0;643;380;373;463;0;528;1358;560;943;65348;1383;0;70;900;0;75;20;30;1;120;0;54;29;0;0;0;1;
17,82;305;3750;0;0;0;5831;0;0;526;380;373;463;0;530;734;532;615;116;625;0;70;900;0;75;20;30;1;120;0;54;29;0;0;0;1;
17,94;306;3760;0;0;0;5831;0;0;424;380;373;463;0;528;429;497;490;52;677;0;70;900;0;75;20;30;1;120;0;54;63;0;0;0;1;
18,04;306;3758;0;0;0;5831;0;0;358;380;373;463;0;530;297;476;646;65529;664;0;70;900;0;75;20;30;1;120;0;54;62;0;0;0;1;
18,16;304;3742;0;0;0;5831;0;0;294;380;373;463;0;530;239;455;694;65528;681;0;70;900;0;75;20;30;1;120;0;54;62;0;0;0;1;
18,26;304;3731;0;0;0;5831;0;0;240;380;373;463;0;530;213;427;575;21;672;0;70;900;0;75;20;30;1;120;0;54;64;0;0;0;1;
18,38;303;3720;0;0;0;5831;0;0;200;378;370;464;0;530;205;420;762;16;755;0;70;900;0;75;20;30;1;120;0;54;79;0;0;0;1;
18,48;300;3693;0;0;0;5831;0;0;167;378;370;464;0;530;206;406;671;27;701;0;70;900;0;75;20;30;1;120;0;54;79;0;0;0;1;
18,6;296;3633;0;0;0;5831;0;0;115;378;370;464;0;530;211;385;737;65500;714;0;70;900;0;75;20;30;1;120;0;54;92;0;0;0;1;
18,7;292;3593;0;0;0;5831;0;0;95;378;370;464;0;530;216;378;798;65500;758;0;70;900;0;75;20;30;1;120;0;54;75;0;0;0;1;
18,83;289;3553;0;0;0;5831;0;0;79;378;370;464;0;530;218;378;687;65512;755;0;70;900;0;75;20;30;1;120;0;54;75;0;0;0;1;
18,93;285;3506;0;0;0;5831;0;0;65;378;370;464;0;530;222;371;957;65509;870;0;70;900;0;75;20;30;1;120;0;54;71;0;0;0;1;
19,03;281;3460;0;0;0;5831;0;0;54;378;370;464;0;530;230;371;832;65510;810;0;70;900;0;75;20;30;1;120;0;54;78;0;0;0;1;
19,15;277;3409;0;0;0;5831;0;0;45;378;370;464;0;528;232;371;778;65485;785;0;70;900;0;75;20;30;1;120;0;54;78;0;0;0;1;
19,25;273;3362;0;0;0;5831;0;0;38;378;370;464;0;530;235;371;862;11;891;0;70;900;0;75;20;30;1;120;0;54;107;0;0;0;1;
19,37;269;3308;0;0;0;5831;0;0;32;373;366;464;0;530;239;371;873;65512;843;0;70;900;0;75;20;30;1;120;0;54;77;0;0;0;1;
19,47;265;3260;0;0;0;5831;0;0;26;373;366;464;0;530;242;350;821;65470;878;0;70;900;0;75;20;30;1;120;0;54;77;0;0;0;1;
19,59;257;3157;0;0;0;5831;0;0;18;373;366;464;0;530;254;350;943;33;963;0;70;900;0;75;20;30;1;120;0;52;65;0;0;0;1;
19,69;252;3102;0;0;0;5831;0;0;14;373;366;464;0;530;260;350;865;98;939;0;70;900;0;75;20;30;1;120;0;52;77;0;0;0;1;
19,82;248;3053;0;0;0;5831;0;0;12;373;366;464;0;530;262;350;952;65527;960;0;70;900;0;75;20;30;1;120;0;52;77;0;0;0;1;
19,92;244;2996;0;0;0;5831;0;0;9;373;366;464;0;530;270;350;1007;84;959;0;70;900;0;75;20;30;1;120;0;52;101;0;0;0;1;
20,04;240;2947;0;0;0;5831;0;0;8;373;366;464;0;530;275;350;1006;65488;981;0;70;900;0;75;20;30;1;120;0;52;74;0;0;0;1;
20,14;235;2888;0;0;0;5831;0;0;7;373;366;464;0;530;285;350;979;65469;962;0;70;900;0;75;20;30;1;120;0;52;74;0;0;0;1;
20,26;231;2837;0;0;0;5831;0;0;6;373;366;464;0;530;283;350;941;18;1044;0;70;900;0;75;20;30;1;120;0;52;73;0;0;0;1;
20,36;226;2783;0;0;0;5831;0;0;5;366;358;464;0;530;300;350;1055;65431;1003;0;70;900;0;75;20;30;1;120;0;52;71;0;0;0;1;
20,46;222;2731;0;0;0;5831;0;0;3;366;358;464;0;530;310;350;1015;65530;1035;0;70;900;0;75;20;30;1;120;0;52;114;0;0;0;1;
20,58;218;2679;0;0;0;5831;0;0;3;366;358;464;0;530;312;350;1168;44;1045;0;70;900;0;75;20;30;1;120;0;52;114;0;0;0;1;
20,68;214;2626;0;0;0;5831;0;0;2;366;358;464;0;529;324;350;994;65420;1067;0;70;900;0;75;20;30;1;120;0;52;105;0;0;0;1;
20,8;205;2525;0;0;0;5831;0;0;2;366;358;464;0;530;332;350;1198;69;1242;0;70;900;0;75;20;30;1;120;0;52;105;0;0;0;1;
20,9;201;2474;0;0;0;5831;0;0;1;366;358;464;0;530;337;350;1232;18;1208;0;70;900;0;75;20;30;1;120;0;52;109;0;0;0;1;
21,02;197;2424;0;0;0;5831;0;0;0;366;358;464;0;531;351;350;1221;65501;1215;0;70;900;0;75;20;30;1;120;0;52;106;0;0;0;1;
21,12;193;2373;0;0;0;5831;0;0;1;366;358;464;0;530;365;350;1339;1;1294;0;70;900;0;75;20;30;1;120;0;52;112;0;0;0;1;
21,25;189;2324;0;0;0;5831;0;0;1;366;358;464;0;530;373;350;1242;44;1299;0;70;900;0;75;20;30;1;120;0;52;112;0;0;0;1;
21,35;185;2276;0;0;1;5831;0;0;0;362;354;464;0;531;381;350;1299;10;1375;0;70;900;0;75;20;30;1;120;0;52;87;0;0;0;1;
21,47;181;2230;0;0;1;5831;0;0;0;362;354;464;0;531;396;350;1496;65510;1416;0;70;900;0;75;20;30;1;120;0;52;109;0;0;0;1;
21,57;178;2185;0;0;1;5831;0;0;0;362;354;464;0;531;407;350;1378;118;1492;0;70;900;0;75;20;30;1;120;0;52;109;0;0;0;1;
21,69;171;2100;0;0;1;5831;0;0;1;362;354;464;0;530;446;343;1677;129;1702;0;70;900;0;75;20;30;1;120;0;52;135;0;0;0;1;
21,79;167;2061;0;0;1;5831;0;0;0;362;354;464;0;531;457;343;1753;65497;1693;0;70;900;0;75;20;30;1;120;0;52;135;0;0;0;1;
21,91;164;2023;0;0;1;5831;0;0;0;362;354;464;0;530;474;343;1845;65411;1704;0;70;900;0;75;20;30;1;120;0;52;96;0;0;0;1;
22,01;161;1983;0;0;1;5831;0;0;0;362;354;464;0;530;505;343;2121;65309;1783;0;70;900;0;75;20;30;1;120;0;52;107;0;0;0;1;
22,11;158;1945;0;0;1;5831;0;0;0;362;354;464;0;530;519;343;1860;65459;1781;0;70;900;0;75;20;30;1;120;0;52;126;0;0;0;1;
22,24;155;1906;0;0;1;5831;0;0;1;362;354;464;0;530;523;343;1631;26;1813;0;70;900;0;75;20;30;1;120;0;52;126;0;0;0;1;
22,33;152;1868;0;0;1;5831;0;0;2;359;351;464;0;530;527;343;1756;1;1804;0;70;900;0;75;20;30;1;120;0;52;112;0;0;0;1;
22,46;149;1829;0;0;1;5831;0;0;1;359;351;464;0;531;528;329;1785;99;1852;0;70;900;0;75;20;30;1;120;0;52;105;0;0;0;1;
22,56;145;1790;0;0;1;5831;0;0;2;359;351;464;0;530;528;329;1760;65429;1776;0;70;900;0;75;20;30;1;120;0;52;105;0;0;0;1;
22,68;142;1752;0;0;1;5831;0;0;2;359;351;464;0;531;531;322;1904;23;1860;0;70;900;0;75;20;30;1;120;0;52;92;0;0;0;1;
22,78;139;1714;0;0;1;5831;0;0;2;359;351;464;0;530;533;322;1906;61;1856;0;70;900;0;75;20;30;1;120;0;52;107;0;0;0;1;
22,9;133;1640;0;0;1;5831;0;0;1;359;351;464;0;531;533;315;2090;65520;1865;0;70;900;0;75;20;30;1;120;0;52;107;0;0;0;1;
23;130;1606;0;0;1;5831;0;0;1;359;351;464;0;531;535;301;1746;87;1874;0;70;900;0;75;20;30;1;120;0;52;109;0;0;0;1;
23,12;128;1574;0;0;1;5831;0;0;1;359;351;464;0;531;536;301;1904;31;1881;0;70;900;0;75;20;30;1;120;0;52;110;0;0;0;1;
23,22;125;1543;0;0;1;5831;0;0;1;359;351;464;0;531;537;294;1821;65451;1803;0;70;900;0;75;20;30;1;120;0;52;110;0;0;0;1;
23,34;123;1513;0;0;1;5831;0;0;1;356;347;465;0;531;538;294;1885;171;1882;0;70;900;0;75;20;30;1;120;0;51;89;0;0;0;1;
23,44;121;1487;0;0;1;5831;0;0;0;356;347;465;0;531;538;294;1936;91;1882;0;70;900;0;75;20;30;1;120;0;51;99;0;0;0;1;
23,55;118;1460;0;0;1;5831;0;0;0;356;347;465;0;531;538;273;2022;59;1882;0;70;900;0;75;20;30;1;120;0;51;99;0;0;0;1;
23,67;116;1435;0;0;1;5831;0;0;1;356;347;465;0;531;540;273;1968;65476;1850;0;70;900;0;75;20;30;1;120;0;51;87;0;0;0;1;
23,77;114;1410;0;0;1;5831;0;0;1;356;347;465;0;531;542;266;1811;51;1880;0;70;900;0;75;20;30;1;120;0;51;80;0;0;0;1;
23,89;112;1386;0;0;1;5831;0;0;1;356;347;465;0;531;539;266;1729;58;1883;0;70;900;0;75;20;30;1;120;0;51;80;0;0;0;1;
23,99;111;1364;0;0;1;5831;0;0;0;356;347;465;0;531;540;266;1937;65517;1882;0;70;900;0;75;20;30;1;120;0;51;85;0;0;0;1;
24,11;107;1325;0;0;1;5831;0;0;1;356;347;465;0;531;545;252;1755;36;1884;0;70;900;0;75;20;30;1;120;0;51;77;0;0;0;1;
24,21;106;1305;0;0;1;5831;0;0;1;356;347;465;0;531;543;252;1826;99;1888;0;70;900;0;75;20;30;1;120;0;51;77;0;0;0;1;
24,33;104;1285;0;0;1;5831;0;0;1;353;347;465;0;531;544;245;1684;24;1885;0;70;900;0;75;20;30;1;120;0;51;85;0;0;0;1;
24,43;103;1267;0;0;1;5831;0;0;0;353;347;465;0;531;543;245;1749;123;1890;0;70;900;0;75;20;30;1;120;0;51;91;0;0;0;1;
24,56;101;1250;0;0;1;5831;0;0;0;353;347;465;0;531;543;245;1893;57;1884;0;70;900;0;75;20;30;1;120;0;51;91;0;0;0;1;
24,66;100;1233;0;0;1;5831;0;0;0;353;347;465;0;531;543;238;1956;65508;1874;0;70;900;0;75;20;30;1;120;0;51;70;0;0;0;1;
24,78;98;1214;0;0;1;5831;0;0;0;353;347;465;0;531;546;238;1768;65459;1879;0;70;900;0;75;20;30;1;120;0;51;83;0;0;0;1;
24,88;97;1197;0;0;1;5831;0;0;0;353;347;465;0;531;545;238;1828;86;1881;0;70;900;0;75;20;30;1;120;0;51;83;0;0;0;1;
24,98;96;1179;0;0;1;5831;0;0;0;353;347;465;0;531;544;224;1792;65490;1886;0;70;900;0;75;20;30;1;120;0;51;81;0;0;0;1;
25,1;93;1147;0;0;1;5831;0;0;1;353;347;465;0;531;544;224;1804;88;1884;0;70;900;0;75;20;30;1;120;0;51;64;0;0;0;1;
25,2;91;1127;0;0;1;5831;0;0;1;353;347;465;0;531;544;217;1775;65476;1882;0;70;900;0;75;20;30;1;120;0;51;64;0;0;0;1;
25,32;90;1105;0;0;1;5831;0;0;1;353;347;465;0;531;544;217;1898;65488;1875;0;70;900;0;75;20;30;1;120;0;51;82;0;0;0;1;
25,42;88;1087;0;0;1;5831;0;0;0;353;347;465;0;531;544;217;1796;65519;1887;0;70;900;0;75;20;30;1;120;0;51;78;0;0;0;1;
25,54;87;1070;0;0;1;5831;0;0;0;353;347;465;0;531;545;196;1836;65407;1837;0;70;900;0;75;20;30;1;120;0;51;78;0;0;0;1;
25,64;85;1051;0;0;1;5831;0;0;0;353;347;465;0;531;544;196;1910;65497;1883;0;70;900;0;75;20;30;1;120;0;51;65;0;0;0;1;
25,76;84;1033;0;0;1;5831;0;0;1;353;347;465;0;531;545;196;1882;4;1883;0;70;900;0;75;20;30;1;120;0;51;73;0;0;0;1;
25,86;82;1014;0;0;1;5831;0;0;1;353;347;465;0;531;544;189;1924;86;1877;0;70;900;0;75;20;30;1;120;0;51;73;0;0;0;1;
25,99;80;993;0;0;1;5831;0;0;0;353;347;465;0;531;544;189;1885;65528;1872;0;70;900;0;75;20;30;1;120;0;51;62;0;0;0;1;
26,09;79;975;0;0;1;5831;0;0;1;353;347;465;0;531;545;189;1862;65522;1872;0;70;900;0;75;20;30;1;120;0;51;59;0;0;0;1;
26,21;75;924;0;0;1;5831;0;0;0;353;347;465;0;531;543;182;1939;65517;1888;0;70;900;0;75;20;30;1;120;0;51;59;0;0;0;1;
26,31;73;908;277;0;1;5831;77;77;1;353;347;465;0;531;546;168;1892;310;1876;282;70;900;0;75;20;30;1;120;0;51;58;0;0;0;1;
26,43;72;892;411;0;1;5831;115;115;21;353;347;465;0;531;553;168;1851;374;1879;421;70;900;0;75;20;30;1;120;0;51;109;0;0;0;1;
26,53;71;874;1049;0;1;5831;293;293;44;353;347;465;0;530;560;168;1847;991;1878;1075;70;900;0;75;20;30;1;120;0;51;109;0;0;0;1;
26,63;69;858;1245;0;1;5831;348;348;96;353;347;465;0;530;614;168;1914;1237;1875;1277;70;900;0;75;20;30;1;120;0;51;224;0;0;0;1;
26,75;68;842;1224;0;1;5831;342;342;142;353;347;465;0;530;640;161;1834;1262;1880;1255;70;900;0;75;20;30;1;120;0;51;213;0;0;0;1;
26,85;67;827;1459;0;1;5831;408;408;184;353;347;465;0;528;662;161;1890;1512;1874;1497;70;900;0;75;20;30;1;120;0;51;213;0;0;0;1;
26,98;66;816;1480;0;1;5831;414;414;225;353;347;465;0;529;684;161;1922;1455;1880;1519;70;900;0;75;20;30;1;120;0;51;241;0;0;0;1;
27,08;65;808;1507;0;1;5831;421;421;260;353;347;465;0;528;704;161;1812;1481;1862;1552;70;900;0;75;20;30;1;120;0;51;261;0;0;0;1;
27,2;65;800;1514;0;1;5831;423;423;314;353;347;465;0;528;709;161;1890;1610;1886;1552;70;900;0;75;20;30;1;120;0;51;261;0;0;0;1;
27,3;64;797;1507;0;1;5831;421;421;333;353;346;465;0;529;712;161;1868;1593;1866;1545;70;900;0;75;20;30;1;120;0;51;253;0;0;0;1;
27,42;64;795;1514;0;1;5831;423;423;350;353;346;465;0;528;711;161;1935;1534;1884;1552;70;900;0;75;20;30;1;120;0;51;263;0;0;0;1;
27,52;64;792;1514;0;1;5831;423;423;362;353;346;465;0;528;709;161;1892;1616;1884;1553;70;900;0;75;20;30;1;120;0;51;245;0;0;0;1;
27,64;64;789;1500;0;1;5831;420;420;374;353;346;465;0;529;712;161;1903;1443;1848;1542;70;900;0;75;20;30;1;120;0;51;245;0;0;0;1;
27,74;63;785;1600;0;1;5831;448;448;384;353;346;465;0;528;715;161;1918;1522;1854;1645;70;900;0;75;20;30;1;120;0;51;262;0;0;0;1;
27,86;63;782;1620;0;1;5831;453;453;395;353;346;465;0;528;722;161;1896;1664;1881;1663;70;900;0;75;20;30;1;120;0;51;262;0;0;0;1;
27,96;63;782;1749;0;1;5831;489;489;409;353;346;465;0;528;735;161;1861;1834;1881;1796;70;900;0;75;20;30;1;120;0;51;289;0;0;0;1;
28,08;63;781;1754;0;1;5831;491;491;424;353;346;465;0;528;752;161;1869;1777;1854;1803;70;900;0;75;20;30;1;120;0;51;289;0;0;0;1;
28,18;63;781;1761;0;1;5831;493;493;437;353;346;465;0;528;758;161;1939;1828;1881;1796;70;900;0;75;20;30;1;120;0;51;303;0;0;0;1;
28,31;63;783;1749;0;1;5831;489;489;454;353;346;465;0;528;761;161;1844;1810;1875;1796;70;900;0;75;20;30;1;120;0;51;303;0;0;0;1;
28,41;63;783;1620;0;1;5831;453;453;456;353;346;465;0;528;748;161;1932;1646;1872;1663;70;900;0;75;20;30;1;120;0;51;266;0;0;0;1;
28,53;63;784;1620;0;1;5831;453;453;454;353;346;465;0;528;738;161;1914;1693;1887;1666;70;900;0;75;20;30;1;120;0;51;272;0;0;0;1;
28,63;63;783;1600;0;1;5831;448;448;454;353;346;465;0;529;737;161;1805;1570;1875;1647;70;900;0;75;20;30;1;120;0;51;272;0;0;0;1;
28,75;63;780;1620;0;1;5831;453;453;454;353;346;465;0;528;736;161;1763;1595;1885;1666;70;900;0;75;20;30;1;120;0;51;255;0;0;0;1;
28,85;63;777;1613;0;1;5831;451;451;453;353;346;465;0;528;734;161;1930;1601;1885;1658;70;900;0;75;20;30;1;120;0;51;261;0;0;0;1;
28,97;63;776;1606;0;1;5831;449;449;452;353;346;465;0;529;732;161;1858;1507;1855;1651;70;900;0;75;20;30;1;120;0;51;261;0;0;0;1;
29,07;63;774;1620;0;1;5831;453;453;452;353;346;465;0;528;733;161;1889;1549;1876;1666;70;900;0;75;20;30;1;120;0;51;268;0;0;0;1;
29,19;62;772;1620;0;1;5831;453;453;452;353;346;465;0;529;731;161;1900;1609;1851;1666;70;900;0;75;20;30;1;120;0;51;274;0;0;0;1;
29,3;62;772;1613;0;1;5831;451;451;452;353;346;465;0;528;731;161;1963;1662;1879;1658;70;900;0;75;20;30;1;120;0;51;274;0;0;0;1;
29,42;62;771;1203;0;1;5831;336;336;451;353;346;465;0;529;730;161;1886;1316;1888;1235;70;900;0;75;20;30;1;120;0;51;267;0;0;0;1;
29,52;62;763;452;0;1;5831;126;126;410;353;346;465;0;531;655;161;1905;425;1889;462;70;900;0;75;20;30;1;120;0;51;92;0;0;0;1;
29,64;61;752;0;0;1;5831;0;0;348;353;346;465;0;532;599;147;1817;5;1891;0;70;900;0;75;20;30;1;120;0;51;92;0;0;0;1;
29,74;59;734;0;0;1;5831;0;0;285;353;346;465;0;532;570;147;1932;16;1888;0;70;900;0;75;20;30;1;120;0;51;49;0;0;0;1;
29,87;58;717;0;0;1;5831;0;0;233;353;346;465;0;532;555;133;1909;50;1888;0;70;900;0;75;20;30;1;120;0;51;50;0;0;0;1;
29,97;57;703;0;0;1;5831;0;0;190;353;346;465;0;531;549;133;1931;90;1885;0;70;900;0;75;20;30;1;120;0;51;50;0;0;0;1;
30,07;56;688;0;0;1;5831;0;0;157;353;346;465;0;531;546;119;1919;59;1885;0;70;900;0;75;20;30;1;120;0;51;42;0;0;0;1;
30,19;52;645;0;0;1;5831;0;0;105;353;346;465;0;531;546;119;1939;65530;1885;0;70;900;0;75;20;30;1;120;0;51;47;0;0;0;1;
30,29;50;622;0;0;1;5831;0;0;105;353;346;465;0;532;546;119;1895;65497;1885;0;70;900;0;75;20;30;1;120;0;51;47;0;0;0;1;
30,42;48;595;0;0;1;5831;0;0;71;353;346;465;0;532;547;112;1867;27;1882;0;70;900;0;75;20;30;1;120;0;51;47;0;0;0;1;
30,51;46;566;0;0;1;5831;0;0;58;353;346;465;0;532;546;105;1944;65;1878;0;70;900;0;75;20;30;1;120;0;51;42;0;0;0;1;
30,67;43;535;0;0;1;5831;0;0;48;353;346;465;0;533;545;105;1816;65511;1878;0;70;900;0;75;20;30;1;120;0;51;40;0;0;0;1;
30,77;41;505;0;0;1;5831;0;0;39;353;346;465;0;532;546;91;1889;53;1884;0;70;900;0;75;20;30;1;120;0;51;40;0;0;0;1;
30,89;34;429;0;0;1;5831;0;0;28;353;346;465;0;533;548;63;1881;65512;1878;0;70;900;0;75;20;30;1;120;0;51;37;0;0;0;1;
30,99;30;380;0;0;1;5831;0;0;24;353;346;465;0;532;546;63;1866;65520;1878;0;70;900;0;75;20;30;1;120;0;51;34;0;0;0;1;
31,12;26;325;0;0;1;5831;0;0;20;353;346;465;0;532;548;56;1870;17;1881;0;70;900;0;75;20;30;1;120;0;51;34;0;0;0;1;
31,22;21;268;0;0;1;5831;0;0;17;353;346;465;0;532;560;49;1888;15;1881;0;70;900;0;75;20;30;1;120;0;51;31;0;0;0;1;
31,34;17;215;0;0;1;5831;0;0;14;352;346;466;0;532;548;35;1876;65531;1881;0;70;900;0;75;20;30;1;120;0;51;32;0;0;0;1;
31,44;14;172;0;0;1;5831;0;0;11;352;346;466;0;532;560;28;1856;65512;1881;0;70;900;0;75;20;30;1;120;0;51;32;0;0;0;1;
31,54;11;140;0;0;1;5831;0;0;10;352;346;466;0;533;564;28;1892;11;1881;0;70;900;0;75;20;30;1;120;0;51;32;0;0;0;1;
31,66;9;115;0;0;1;5831;0;0;8;352;346;466;0;532;566;14;1881;65522;1881;0;70;900;0;75;20;30;1;120;0;51;32;0;0;0;1;
31,76;7;94;0;0;1;5831;0;0;6;352;346;466;0;532;567;14;1860;11;1881;0;70;900;0;75;20;30;1;120;0;51;32;0;0;0;1;
31,88;6;77;0;0;1;5831;0;0;5;352;346;466;0;532;567;14;1860;17;1881;0;70;900;0;75;20;30;1;120;0;51;32;0;0;0;1;
31,98;5;63;0;0;1;5831;0;0;4;352;346;466;0;532;566;14;1876;20;1881;0;70;900;0;75;20;30;1;120;0;51;32;0;0;0;1;
32,1;3;42;0;0;1;5831;0;0;3;352;346;466;0;532;566;7;1899;65501;1881;0;70;900;0;75;20;30;1;120;0;51;32;0;0;0;1;
32,2;2;35;0;0;1;5831;0;0;2;352;346;466;0;533;567;7;1859;15;1881;0;70;900;0;75;20;30;1;120;0;51;32;0;0;0;1;
32,33;2;28;0;0;1;5831;0;0;2;352;345;466;0;533;567;7;1899;65507;1880;0;70;900;0;75;20;30;1;120;0;51;32;0;0;0;1;
32,43;1;23;0;0;1;5831;0;0;1;352;345;466;0;532;567;7;1873;65510;1880;0;70;900;0;75;20;30;1;120;0;51;32;0;0;0;1;
32,55;1;19;0;0;1;5831;0;0;1;352;345;466;0;532;566;7;1878;8;1881;0;70;900;0;75;20;30;1;120;0;51;32;0;0;0;1;
32,65;1;16;0;0;1;5831;0;0;1;352;345;466;0;533;566;7;1882;65525;1881;0;70;900;0;75;20;30;1;120;0;50;32;0;0;0;1;
32,75;1;13;0;0;1;5831;0;0;0;352;345;466;0;532;566;7;1878;16;1881;0;70;900;0;75;20;30;1;120;0;50;32;0;0;0;1;
32,87;1;13;782;0;1;5831;218;218;13;352;345;466;0;532;567;7;1892;766;1880;801;70;900;0;75;20;30;1;120;0;50;45;0;0;0;1;
32,97;1;18;1353;0;1;5831;378;378;60;352;345;466;0;532;599;7;1913;1350;1880;1389;70;900;0;75;20;30;1;120;0;50;60;0;0;0;1;
33,09;1;19;2064;0;1;5831;577;577;134;352;345;466;0;532;686;7;1930;2094;1880;2120;70;900;0;75;20;30;1;120;0;50;60;0;0;0;1;
33,19;1;19;2286;0;1;5831;640;640;219;352;345;466;0;532;774;7;1844;2349;1880;2675;70;900;0;75;20;30;1;120;0;50;91;0;0;0;1;
33,31;2;27;2721;0;1;5831;761;761;383;351;345;466;0;531;923;14;1820;2758;1880;2796;70;900;0;75;20;30;1;120;0;50;123;0;0;0;1;
33,41;2;34;2742;0;1;5831;767;767;452;351;345;466;0;531;955;14;1837;2833;1880;2818;70;900;0;75;20;30;1;120;0;50;123;0;0;0;1;
33,54;2;36;0;0;1;5831;0;0;439;351;345;466;0;533;64721;14;1889;29;1883;0;70;900;0;75;20;30;1;120;0;50;45;0;0;0;1;
33,64;2;25;0;0;1;5831;0;0;357;351;345;466;0;533;674;14;1844;65532;1880;0;70;900;0;75;20;30;1;120;0;50;32;0;0;0;1;
33,76;2;28;0;0;1;5831;0;0;293;351;345;466;0;532;611;14;1902;11;1880;0;70;900;0;75;20;30;1;120;0;50;32;0;0;0;1;
33,86;1;24;0;0;1;5831;0;0;240;351;345;466;0;533;64957;7;1858;17;1883;0;70;900;0;75;20;30;1;120;0;50;32;0;0;0;1;
33,98;1;20;0;0;1;5831;0;0;196;351;345;466;0;533;567;7;1898;11;1880;0;70;900;0;75;20;30;1;120;0;50;32;0;0;0;1;
34,08;1;16;0;0;1;5831;0;0;160;351;345;466;0;532;64974;7;1858;1;1881;0;70;900;0;75;20;30;1;120;0;50;32;0;0;0;1;
34,18;1;13;0;0;1;5831;0;0;131;351;345;466;0;533;564;7;1884;9;1880;0;70;900;0;75;20;30;1;120;0;50;32;0;0;0;1;
34,31;0;9;0;0;1;5831;0;0;87;351;345;466;0;533;565;7;1852;12;1880;0;70;900;0;75;20;30;1;120;0;50;32;0;0;0;1;
34,4;0;7;0;0;1;5831;0;0;71;351;345;466;0;533;564;7;1892;9;1880;0;70;900;0;75;20;30;1;120;0;50;32;0;0;0;1;
34,53;0;6;0;0;1;5831;0;0;58;351;345;466;0;533;565;7;1864;65532;1880;0;70;900;0;75;20;30;1;120;0;50;32;0;0;0;1;
34,63;0;5;0;0;1;5831;0;0;47;351;345;466;0;533;565;7;1880;65535;1881;0;70;900;0;75;20;30;1;120;0;50;32;0;0;0;1;
34,75;0;4;0;0;1;5831;0;0;39;351;345;466;0;533;565;7;1885;65520;1880;0;70;900;0;75;20;30;1;120;0;50;32;0;0;0;1;
34,85;0;3;0;0;1;5831;0;0;32;351;345;466;0;533;565;7;1887;65535;1881;0;70;900;0;75;20;30;1;120;0;50;32;0;0;0;1;
34,97;0;3;0;0;1;5831;0;0;26;351;345;466;0;533;566;7;1920;14;1881;0;70;900;0;75;20;30;1;120;0;50;32;0;0;0;1;
35,07;0;2;0;0;1;5831;0;0;21;351;345;466;0;533;64971;7;1876;65529;1880;0;70;900;0;75;20;30;1;120;0;50;32;0;0;0;1;
35,19;0;2;0;0;1;5831;0;0;17;351;345;466;0;533;64971;7;1869;4;1880;0;70;900;0;75;20;30;1;120;0;50;32;0;0;0;1;
35,29;0;1;0;0;1;5831;0;0;14;351;345;466;0;533;64970;7;1912;65528;1880;0;70;900;0;75;20;30;1;120;0;50;32;0;0;0;1;
35,39;0;1;0;0;1;5831;0;0;11;351;345;466;0;533;64968;7;1857;2;1880;0;70;900;0;75;20;30;1;120;0;50;32;0;0;0;1;
35,51;0;0;0;0;1;5831;0;0;7;351;345;466;0;533;64967;7;1897;65529;1880;0;70;900;0;75;20;30;1;120;0;50;32;0;0;0;1;
35,62;0;0;0;0;1;5831;0;0;6;351;345;466;0;533;64966;7;1870;65514;1880;0;70;900;0;75;20;30;1;120;0;50;32;0;0;0;1;
35,74;0;0;22;0;1;5831;6;6;4;351;345;466;0;533;64966;7;1880;65533;1880;65514;70;900;0;75;20;30;1;120;0;50;32;0;0;0;1;
35,84;0;4;418;0;1;5831;117;117;65530;351;345;466;0;533;64970;7;1889;65133;1877;65107;70;900;0;75;20;30;1;120;0;50;34;0;0;0;1;
35,96;1;13;962;0;1;5831;269;269;65499;351;345;466;0;533;585;7;1894;64578;1880;64548;70;900;0;75;20;30;1;120;0;50;45;0;0;0;1;
36,06;1;16;1500;0;1;5831;420;420;65446;351;345;466;0;532;620;7;1907;64061;1880;63993;70;900;0;75;20;30;1;120;0;50;76;0;0;0;1;
36,18;1;22;1896;0;1;5831;530;530;65379;351;345;466;0;531;687;7;1901;63652;1880;63589;70;900;0;75;20;30;1;120;0;50;76;0;0;0;1;
36,28;2;31;1943;0;1;5831;544;544;65310;351;345;466;0;532;746;7;1868;63594;1877;63519;70;900;0;75;20;30;1;120;0;50;92;0;0;0;1;
36,4;4;54;1943;0;1;5831;544;544;65205;350;345;466;0;532;795;14;1866;63516;1880;63537;70;900;0;75;20;30;1;120;0;50;106;0;0;0;1;
36,5;5;67;1949;0;1;5831;545;545;65166;350;345;466;0;531;797;14;1872;63507;1879;63533;70;900;0;75;20;30;1;120;0;50;106;0;0;0;1;
36,62;6;81;1996;0;1;5831;558;558;65134;350;345;466;0;531;803;28;1884;63492;1879;63485;70;900;0;75;20;30;1;120;0;50;114;0;0;0;1;
36,72;7;96;2117;0;1;5831;592;592;65104;350;345;466;0;531;811;28;1920;63348;1879;63360;70;900;0;75;20;30;1;120;0;50;144;0;0;0;1;
36,85;9;115;2493;0;1;5831;698;698;65068;350;345;466;0;530;846;28;1876;62976;1879;62971;70;900;0;75;20;30;1;120;0;50;144;0;0;0;1;
36,95;11;137;2882;0;1;5831;806;806;65020;350;345;466;0;530;909;35;1861;62619;1875;62574;70;900;0;75;20;30;1;120;0;50;239;0;0;0;1;
37,07;13;165;3011;0;1;5831;843;843;64963;350;345;466;0;530;985;49;1836;62382;1875;62438;70;900;0;75;20;30;1;120;0;50;302;0;0;0;1;
37,17;16;197;3030;0;1;5831;848;848;64914;350;345;466;0;529;1027;49;1859;62390;1877;62419;70;900;0;75;20;30;1;120;0;50;302;0;0;0;1;
37,29;18;233;2896;0;1;5831;810;810;64875;350;345;466;0;528;1043;56;1957;62507;1877;62559;70;900;0;75;20;30;1;120;0;50;295;0;0;0;1;
37,39;22;270;2567;0;1;5831;718;718;64856;349;345;466;0;528;1012;63;1828;62917;1880;62897;70;900;0;75;20;30;1;120;0;50;291;0;0;0;1;
37,51;28;345;2460;0;1;5831;688;688;64851;349;345;466;0;528;943;84;1871;63022;1865;63009;70;900;0;75;20;30;1;120;0;50;291;0;0;0;1;
37,61;31;384;2466;0;1;5831;690;690;64851;349;345;466;0;528;930;91;1920;63035;1876;63001;70;900;0;75;20;30;1;120;0;50;307;0;0;0;1;
37,74;34;423;2299;0;1;5831;643;643;64852;349;345;466;0;528;919;105;1831;63209;1879;63174;70;900;0;75;20;30;1;120;0;50;315;0;0;0;1;
37,84;37;460;2097;0;1;5831;587;587;64864;349;345;466;0;528;886;105;1921;63369;1879;63380;70;900;0;75;20;30;1;120;0;50;315;0;0;0;1;
37,96;40;496;1761;0;1;5831;493;493;64887;349;345;466;0;530;840;112;1895;63708;1886;63725;70;900;0;75;20;30;1;120;0;50;275;0;0;0;1;
38,06;43;530;1332;0;1;5831;372;372;64923;349;345;466;0;530;778;112;1900;64215;1880;64170;70;900;0;75;20;30;1;120;0;50;132;0;0;0;1;
38,18;45;558;0;0;1;5831;0;0;64999;349;345;466;0;532;675;119;1839;22;1891;0;70;900;0;75;20;30;1;120;0;50;132;0;0;0;1;
38,28;46;568;0;0;1;5831;0;0;65098;349;345;466;0;532;606;112;1931;77;1871;0;70;900;0;75;20;30;1;120;0;50;38;0;0;0;1;
38,4;50;617;0;0;1;5831;0;0;65243;349;345;466;0;532;557;119;1888;65466;1874;0;70;900;0;75;20;30;1;120;0;50;49;0;0;0;1;
38,51;51;627;0;0;1;5831;0;0;65296;349;345;466;0;532;550;119;1895;77;1883;0;70;900;0;75;20;30;1;120;0;50;49;0;0;0;1;
38,6;51;633;0;0;1;5831;0;0;65339;349;345;466;0;533;547;119;1881;28;1880;0;70;900;0;75;20;30;1;120;0;50;59;0;0;0;1;
38,73;51;638;0;0;1;5831;0;0;65374;349;345;466;0;533;546;119;1816;65519;1883;0;70;900;0;75;20;30;1;120;0;50;51;0;0;0;1;
38,83;51;637;0;0;1;5831;0;0;65404;349;345;466;0;533;546;119;1942;65526;1883;0;70;900;0;75;20;30;1;120;0;50;51;0;0;0;1;
38,95;51;630;0;0;1;5831;0;0;65428;349;345;466;0;533;546;119;1911;65452;1883;0;70;900;0;75;20;30;1;120;0;50;48;0;0;0;1;
39,05;50;620;0;0;1;5831;0;0;65447;349;345;466;0;533;545;112;1864;71;1871;0;70;900;0;75;20;30;1;120;0;50;49;0;0;0;1;
39,17;49;606;0;0;1;5831;0;0;65463;349;345;466;0;533;545;112;1909;65475;1883;0;70;900;0;75;20;30;1;120;0;50;49;0;0;0;1;
39,27;48;590;0;0;1;5831;0;0;65475;349;345;466;0;532;546;112;1901;43;1879;0;70;900;0;75;20;30;1;120;0;50;43;0;0;0;1;
39,39;46;572;0;0;1;5831;0;0;65486;349;345;466;0;533;545;105;1890;65515;1879;0;70;900;0;75;20;30;1;120;0;50;45;0;0;0;1;
39,49;45;553;0;0;1;5831;0;0;65495;349;345;466;0;533;545;105;1921;65529;1879;0;70;900;0;75;20;30;1;120;0;50;40;0;0;0;1;
39,62;41;512;0;0;1;5831;0;0;65508;349;345;466;0;533;545;91;1881;65528;1879;0;70;900;0;75;20;30;1;120;0;50;40;0;0;0;1;
39,72;40;495;0;0;1;5831;0;0;65513;349;345;466;0;533;545;91;1854;65499;1876;0;70;900;0;75;20;30;1;120;0;50;44;0;0;0;1;
39,84;38;477;0;0;1;5831;0;0;65517;349;345;466;0;533;546;84;1946;65519;1880;0;70;900;0;75;20;30;1;120;0;50;44;0;0;0;1;
39,94;37;456;0;0;1;5831;0;0;65520;349;345;466;0;533;547;84;1869;32;1876;0;70;900;0;75;20;30;1;120;0;50;40;0;0;0;1;
40,06;35;436;0;0;1;5831;0;0;65523;349;345;466;0;533;547;84;1887;6;1880;0;70;900;0;75;20;30;1;120;0;50;45;0;0;0;1;
40,16;33;416;102;0;1;5831;28;28;65525;349;345;466;0;533;547;63;1859;65437;1882;65434;70;900;0;75;20;30;1;120;0;50;45;0;0;0;1;
40,26;32;400;150;0;1;5831;42;42;65520;349;345;466;0;533;548;63;1910;65392;1879;65382;70;900;0;75;20;30;1;120;0;50;48;0;0;0;1;
40,38;31;382;499;0;1;5831;139;139;65510;349;345;466;0;532;551;63;1918;65046;1879;65026;70;900;0;75;20;30;1;120;0;50;71;0;0;0;1;
40,48;30;370;835;0;1;5831;233;233;65483;349;345;466;0;532;590;63;1877;64473;1879;64515;70;900;0;75;20;30;1;120;0;50;97;0;0;0;1;
40,6;28;348;1042;0;1;5831;291;291;65411;349;345;466;0;532;612;56;1858;64401;1879;64467;70;900;0;75;20;30;1;120;0;50;97;0;0;0;1;
40,7;27;341;1049;0;1;5831;293;293;65380;349;345;466;0;532;621;56;1855;64420;1882;64459;70;900;0;75;20;30;1;120;0;50;103;0;0;0;1;
40,83;27;339;1049;0;1;5831;293;293;65356;349;345;466;0;532;625;56;1849;64471;1875;64459;70;900;0;75;20;30;1;120;0;50;103;0;0;0;1;
40,92;27;339;1063;0;1;5831;297;297;65335;349;345;466;0;532;628;56;1855;64470;1881;64445;70;900;0;75;20;30;1;120;0;50;108;0;0;0;1;
41,05;27;341;1056;0;1;5831;295;295;65319;349;345;466;0;531;628;63;1929;64530;1882;64452;70;900;0;75;20;30;1;120;0;50;109;0;0;0;1;
41,15;28;346;459;0;1;5831;128;128;65307;349;345;466;0;532;625;63;1864;64888;1879;65066;70;900;0;75;20;30;1;120;0;50;37;0;0;0;1;
41,27;27;341;0;0;1;5831;0;0;65342;349;345;466;0;533;583;56;1843;65469;1886;0;70;900;0;75;20;30;1;120;0;50;37;0;0;0;1;
41,37;27;336;0;0;1;5831;0;0;65378;349;345;466;0;533;565;56;1837;42;1877;0;70;900;0;75;20;30;1;120;0;50;34;0;0;0;1;
41,5;27;343;0;0;1;5831;0;0;65407;349;345;466;0;533;555;56;1931;65529;1880;0;70;900;0;75;20;30;1;120;0;50;37;0;0;0;1;
41,6;28;345;0;0;1;5831;0;0;65430;349;345;466;0;533;550;56;1890;5;1880;0;70;900;0;75;20;30;1;120;0;50;37;0;0;0;1;
41,72;26;330;0;0;1;5831;0;0;65465;349;345;466;0;533;548;56;1883;65513;1880;0;70;900;0;75;20;30;1;120;0;50;39;0;0;0;1;
41,82;26;323;0;0;1;5831;0;0;65477;349;345;466;0;533;548;56;1881;65530;1877;0;70;900;0;75;20;30;1;120;0;50;38;0;0;0;1;
41,94;25;313;0;0;1;5831;0;0;65488;349;345;466;0;533;548;56;1853;27;1877;0;70;900;0;75;20;30;1;120;0;50;38;0;0;0;1;
42,04;24;300;0;0;1;5831;0;0;65497;349;345;466;0;533;548;49;1878;3;1880;0;70;900;0;75;20;30;1;120;0;50;38;0;0;0;1;
42,16;23;288;0;0;1;5831;0;0;65504;349;345;466;0;533;548;49;1888;65509;1880;0;70;900;0;75;20;30;1;120;0;50;34;0;0;0;1;
42,26;22;275;0;0;1;5831;0;0;65510;349;345;466;0;533;547;49;1861;65498;1882;0;70;900;0;75;20;30;1;120;0;50;34;0;0;0;1;
42,38;21;261;0;0;1;5831;0;0;65514;349;345;466;0;533;547;49;1834;17;1880;0;70;900;0;75;20;30;1;120;0;50;33;0;0;0;1;
42,48;20;248;0;0;1;5831;0;0;65519;349;345;466;0;533;547;35;1895;65530;1874;0;70;900;0;75;20;30;1;120;0;50;33;0;0;0;1;
42,58;18;233;0;0;1;5831;0;0;65521;349;345;466;0;533;549;35;1906;7;1883;0;70;900;0;75;20;30;1;120;0;50;33;0;0;0;1;
42,71;15;194;0;0;1;5831;0;0;65525;349;345;466;0;533;550;28;1875;0;1880;0;70;900;0;75;20;30;1;120;0;50;34;0;0;0;1;
42,81;13;170;0;0;1;5831;0;0;65527;349;345;466;0;533;552;28;1925;65519;1876;0;70;900;0;75;20;30;1;120;0;50;31;0;0;0;1;
42,93;11;144;0;0;1;5831;0;0;65528;349;345;466;0;533;534;14;1887;1;1879;0;70;900;0;75;20;30;1;120;0;50;31;0;0;0;1;
43,03;9;117;0;0;1;5831;0;0;65529;349;345;466;0;533;521;14;1879;14;1882;0;70;900;0;75;20;30;1;120;0;50;29;0;0;0;1;
43,15;7;94;0;0;1;5831;0;0;65530;349;345;466;0;533;537;14;1896;0;1883;0;70;900;0;75;20;30;1;120;0;50;31;0;0;0;1;
43,25;6;77;0;0;1;5831;0;0;65531;349;345;466;0;533;548;14;1891;65516;1880;0;70;900;0;75;20;30;1;120;0;50;31;0;0;0;1;
43,37;5;63;0;0;1;5831;0;0;65532;349;345;467;0;533;552;7;1853;5;1880;0;70;900;0;75;20;30;1;120;0;50;31;0;0;0;1;
43,47;4;51;0;0;1;5831;0;0;65533;349;345;467;0;533;556;7;1836;4;1874;0;70;900;0;75;20;30;1;120;0;50;30;0;0;0;1;
43,59;3;42;0;0;1;5831;0;0;65533;349;345;467;0;533;558;7;1843;11;1883;0;70;900;0;75;20;30;1;120;0;50;30;0;0;0;1;
43,69;2;34;0;0;1;5831;0;0;65534;349;345;467;0;533;558;7;1923;65528;1880;0;70;900;0;75;20;30;1;120;0;50;31;0;0;0;1;
43,82;1;23;0;0;1;5831;0;0;65534;349;345;467;0;533;558;7;1896;6;1880;0;70;900;0;75;20;30;1;120;0;50;30;0;0;0;1;
43,92;1;19;0;0;1;5831;0;0;65535;349;345;467;0;533;558;7;1843;65530;1880;0;70;900;0;75;20;30;1;120;0;50;30;0;0;0;1;
44,02;1;15;0;0;1;5831;0;0;65535;349;345;467;0;533;558;7;1924;65497;1883;0;70;900;0;75;20;30;1;120;0;50;30;0;0;0;1;
44,14;0;13;0;0;1;5831;0;0;0;349;345;467;0;533;557;7;1935;65527;1880;0;70;900;0;75;20;30;1;120;0;50;30;0;0;0;1;
44,24;0;10;0;0;1;5831;0;0;0;349;345;467;0;533;556;7;1896;17;1879;0;70;900;0;75;20;30;1;120;0;50;30;0;0;0;1;
44,36;0;8;0;0;1;5831;0;0;0;349;344;467;0;533;557;7;1889;65520;1879;0;70;900;0;75;20;30;1;120;0;50;30;0;0;0;1;
44,46;0;7;0;0;1;5831;0;0;0;349;344;467;0;533;557;7;1894;65507;1880;0;70;900;0;75;20;30;1;120;0;50;30;0;0;0;1;
44,58;0;6;0;0;1;5831;0;0;0;349;344;467;0;533;556;7;1900;65514;1880;0;70;900;0;75;20;30;1;120;0;50;30;0;0;0;1;
44,68;0;5;0;0;1;5831;0;0;0;349;344;467;0;533;556;7;1867;18;1879;0;70;900;0;75;20;30;1;120;0;50;31;0;0;0;1;
44,81;0;3;0;0;1;5831;0;0;0;349;344;467;0;533;556;7;1867;65527;1883;0;70;900;0;75;20;30;1;120;0;50;31;0;0;0;1;
44,91;0;3;0;0;1;5831;0;0;0;349;344;467;0;533;556;7;1905;65513;1879;0;70;900;0;75;20;30;1;120;0;50;31;0;0;0;1;
45,03;0;2;0;0;1;5831;0;0;0;349;344;467;0;533;556;7;1860;23;1880;0;70;900;0;75;20;30;1;120;0;50;30;0;0;0;1;
45,13;0;2;0;0;1;5831;0;0;0;349;344;467;0;533;555;7;1892;65506;1880;0;70;900;0;75;20;30;1;120;0;50;30;0;0;0;1;
45,23;0;1;0;0;1;5831;0;0;0;349;344;467;0;533;555;7;1853;28;1879;0;70;900;0;75;20;30;1;120;0;50;30;0;0;0;1;
45,36;0;1;0;0;1;5831;0;0;0;348;344;467;0;533;554;7;1907;7;1879;0;70;900;0;75;20;30;1;120;0;50;30;0;0;0;1;
45,46;0;1;0;0;1;5831;0;0;0;348;344;467;0;533;554;7;1887;65531;1879;0;70;900;0;75;20;30;1;120;0;50;31;0;0;0;1;
45,58;0;1;0;0;1;5831;0;0;0;348;344;467;0;533;555;7;1894;6;1880;0;70;900;0;75;20;30;1;120;0;50;31;0;0;0;1;
45,68;0;1;0;0;1;5831;0;0;0;348;344;467;0;533;553;7;1836;11;1880;0;70;900;0;75;20;30;1;120;0;50;31;0;0;0;1;
45,84;0;0;0;0;1;5831;0;0;0;348;344;467;0;533;554;0;1880;5;1883;0;70;900;0;75;20;30;1;120;0;50;31;0;0;0;1;
45,94;0;0;0;0;1;5831;0;0;0;348;344;467;0;533;552;7;1864;65518;1880;0;70;900;0;75;20;30;1;120;0;50;30;0;0;0;1;
46,06;0;0;0;0;1;5831;0;0;0;348;344;467;0;533;552;7;1900;65514;1880;0;70;900;0;75;20;30;1;120;0;50;30;0;0;0;1;
46,16;0;0;0;0;1;5831;0;0;0;348;344;467;0;533;553;0;1868;65506;1880;0;70;900;0;75;20;30;1;120;0;50;30;0;0;0;1;
46,26;0;0;0;0;1;5831;0;0;0;348;344;467;0;534;552;7;1920;65507;1880;0;70;900;0;75;20;30;1;120;0;50;31;0;0;0;1;
46,38;0;0;0;0;1;5831;0;0;0;348;344;467;0;534;552;7;1903;0;1880;0;70;900;0;75;20;30;1;120;0;50;31;0;0;0;1;
46,48;0;0;0;0;1;5831;0;0;0;348;344;467;0;518;64671;7;1723;55310;1752;55302;70;900;0;75;20;30;1;120;0;50;30;0;0;0;1;
46,6;2;37;10000;0;1;5831;2800;2800;65335;348;344;467;0;486;63734;49;1818;11700;3070;10278;70;900;0;75;20;30;1;120;0;50;1871;0;0;0;1;
46,7;11;145;9979;0;1;5831;2794;2794;242;348;344;467;0;505;2138;105;179;4590;386;10256;70;900;0;75;20;30;1;120;0;50;1871;0;0;0;1;
46,83;33;408;7180;0;1;5831;2010;2010;584;348;344;467;0;488;2288;168;1198;8151;2053;7378;70;900;0;75;20;30;1;120;0;50;1872;0;0;0;1;
46,93;49;610;0;0;1;5831;0;0;640;348;344;467;0;530;1727;196;3375;321;3543;0;70;900;0;75;20;30;1;120;0;50;142;0;0;0;1;
47,05;51;635;0;0;1;5831;0;0;538;348;344;467;0;532;1233;182;2417;65501;2407;0;70;900;0;75;20;30;1;120;0;50;142;0;0;0;1;
47,15;44;544;0;0;1;5831;0;0;437;348;344;467;0;533;924;147;2269;19;2252;0;70;900;0;75;20;30;1;120;0;50;43;0;0;0;1;
47,27;39;485;0;0;1;5831;0;0;358;348;344;467;0;533;772;119;2168;34;2196;0;70;900;0;75;20;30;1;120;0;50;49;0;0;0;1;
47,37;34;428;0;0;1;5831;0;0;294;347;344;468;0;533;696;112;2157;65527;2156;0;70;900;0;75;20;30;1;120;0;50;37;0;0;0;1;
47,49;30;369;0;0;1;5831;0;0;241;347;344;468;0;533;660;91;2103;65528;2123;0;70;900;0;75;20;30;1;120;0;50;37;0;0;0;1;
47,59;26;323;0;0;1;5831;0;0;203;347;344;468;0;533;633;84;2083;7;2095;0;70;900;0;75;20;30;1;120;0;50;40;0;0;0;1;
47,71;21;259;0;0;1;5831;0;0;137;347;344;468;0;533;607;56;2067;31;2045;0;70;900;0;75;20;30;1;120;0;50;40;0;0;0;1;
47,81;18;224;0;0;1;5831;0;0;112;347;344;468;0;533;600;49;2005;23;2026;0;70;900;0;75;20;30;1;120;0;50;36;0;0;0;1;
47,91;15;187;0;0;1;5831;0;0;92;347;344;468;0;533;607;35;1988;65510;2009;0;70;900;0;75;20;30;1;120;0;50;35;0;0;0;1;
48,04;12;152;0;0;1;5831;0;0;76;347;344;468;0;533;608;35;1988;65487;1993;0;70;900;0;75;20;30;1;120;0;50;35;0;0;0;1;
48,14;9;122;0;0;1;5831;0;0;62;347;344;468;0;533;596;28;2010;27;1978;0;70;900;0;75;20;30;1;120;0;50;34;0;0;0;1;
48,26;8;100;0;0;1;5831;0;0;51;347;344;468;0;533;585;28;1938;44;1967;0;70;900;0;75;20;30;1;120;0;50;33;0;0;0;1;
48,36;6;82;0;0;1;5831;0;0;41;347;346;468;0;533;579;14;1954;55;1956;0;70;900;0;75;20;30;1;120;0;50;33;0;0;0;1;
48,61;3;45;0;0;1;5831;0;0;22;347;346;468;0;533;567;7;1913;35;1934;0;70;900;0;75;20;30;1;120;0;50;33;0;0;0;1;
48,71;3;37;0;0;1;5831;0;0;18;347;346;468;0;533;564;7;1912;16;1925;0;70;900;0;75;20;30;1;120;0;50;32;0;0;0;1;
48,99;2;25;0;0;1;5831;0;0;12;347;346;468;0;533;560;7;1921;20;1915;0;70;900;0;75;20;30;1;120;0;50;32;0;0;0;1;
49,1;1;20;0;0;1;5831;0;0;10;347;346;468;0;534;558;7;1921;26;1913;0;70;900;0;75;20;30;1;120;0;50;32;0;0;0;1;
49,22;2;35;10000;0;1;5831;2800;2800;221;347;346;468;0;531;931;49;565;433;1165;55336;70;900;0;75;20;30;1;120;0;50;93;0;0;0;1;
49,32;2;26;9974;0;1;5831;2792;2792;210;347;346;468;0;532;725;112;1395;819;1321;55365;70;900;0;75;20;30;1;120;0;50;93;0;0;0;1;
49,44;1;21;10000;0;1;5831;2800;2800;193;347;346;468;0;532;618;161;1885;1932;662;55336;70;900;0;75;20;30;1;120;0;52;85;0;0;0;1;
49,54;1;22;10000;0;1;5831;2800;2800;144;347;346;468;0;532;543;189;311;63439;572;11121;70;900;0;75;20;30;1;120;0;52;83;0;0;0;1;
49,66;1;19;10000;0;1;5831;2800;2800;99;347;346;468;0;533;430;224;65118;1733;380;54415;70;900;0;75;20;30;1;120;0;52;83;0;0;0;1;
49,76;3;38;0;0;1;5831;0;0;193;347;346;468;0;533;851;217;2538;65435;2559;0;70;900;0;75;20;30;1;120;0;52;7;0;0;0;1;
49,86;1;16;0;0;1;5831;0;0;150;347;346;468;0;533;737;182;1982;156;2019;0;70;900;0;75;20;30;1;120;0;52;33;0;0;0;1;
49,98;1;20;0;0;1;5831;0;0;126;347;346;468;0;533;654;161;1960;65507;1961;0;70;900;0;75;20;30;1;120;0;52;33;0;0;0;1;
50,08;0;11;0;0;1;5831;0;0;102;347;346;468;0;533;569;105;1935;19;1940;0;70;900;0;75;20;30;1;120;0;52;31;0;0;0;1;
50,21;0;7;0;0;1;5831;0;0;68;347;346;468;0;533;554;84;1970;4;1933;0;70;900;0;75;20;30;1;120;0;52;33;0;0;0;1;
50,31;0;6;0;0;1;5831;0;0;56;349;348;468;0;533;546;70;1952;8;1928;0;70;900;0;75;20;30;1;120;0;52;33;0;0;0;1;
50,43;0;5;0;0;1;5831;0;0;46;349;348;468;0;533;542;56;1939;65535;1920;0;70;900;0;75;20;30;1;120;0;52;33;0;0;0;1;
50,53;0;4;0;0;1;5831;0;0;41;349;348;468;0;533;539;49;1919;65514;1915;0;70;900;0;75;20;30;1;120;0;52;32;0;0;0;1;
50,65;0;3;0;0;1;5831;0;0;33;349;348;468;0;533;538;35;1915;16;1910;0;70;900;0;75;20;30;1;120;0;52;32;0;0;0;1;
50,75;0;3;0;0;1;5831;0;0;27;349;348;468;0;533;537;28;1940;35;1907;0;70;900;0;75;20;30;1;120;0;52;32;0;0;0;1;
50,87;0;2;0;0;1;5831;0;0;22;349;348;468;0;533;537;28;1948;18;1904;0;70;900;0;75;20;30;1;120;0;52;32;0;0;0;1;
50,97;0;2;0;0;1;5831;0;0;18;349;348;468;0;533;536;14;1908;10;1902;0;70;900;0;75;20;30;1;120;0;52;32;0;0;0;1;
51,07;0;2;0;0;1;5831;0;0;14;349;348;468;0;533;535;14;1873;65526;1899;0;70;900;0;75;20;30;1;120;0;52;32;0;0;0;1;
51,19;0;1;0;0;1;5831;0;0;12;349;348;468;0;534;534;14;1904;8;1897;0;70;900;0;75;20;30;1;120;0;52;32;0;0;0;1;
51,29;0;1;0;0;1;5831;0;0;9;349;346;468;0;534;534;7;1881;65514;1892;0;70;900;0;75;20;30;1;120;0;52;32;0;0;0;1;
51,42;0;1;0;0;1;5831;0;0;6;349;346;468;0;534;535;7;1890;65521;1891;0;70;900;0;75;20;30;1;120;0;52;32;0;0;0;1;
51,51;0;1;0;0;1;5831;0;0;5;349;346;468;0;533;535;7;1853;65516;1890;0;70;900;0;75;20;30;1;120;0;52;32;0;0;0;1;
51,64;0;0;0;0;1;5831;0;0;4;349;346;468;0;533;534;7;1884;65534;1888;0;70;900;0;75;20;30;1;120;0;52;32;0;0;0;1;
51,74;0;0;0;0;1;5831;0;0;3;349;346;468;0;534;534;7;1863;65529;1886;0;70;900;0;75;20;30;1;120;0;52;32;0;0;0;1;
51,86;0;0;0;0;1;5831;0;0;2;349;346;468;0;534;533;7;1885;28;1887;0;70;900;0;75;20;30;1;120;0;52;32;0;0;0;1;
51,96;0;0;0;0;1;5831;0;0;2;349;346;468;0;534;534;7;1865;65519;1887;0;70;900;0;75;20;30;1;120;0;52;32;0;0;0;1;
52,08;0;0;0;0;1;5831;0;0;1;349;346;468;0;534;533;7;1914;4;1886;0;70;900;0;75;20;30;1;120;0;52;32;0;0;0;1;
52,18;0;0;0;0;1;5831;0;0;1;349;346;468;0;534;533;7;1862;65516;1883;0;70;900;0;75;20;30;1;120;0;52;32;0;0;0;1;
52,28;0;0;0;0;1;5831;0;0;1;349;345;468;0;534;534;7;1897;31;1885;0;70;900;0;75;20;30;1;120;0;52;32;0;0;0;1;
52,4;0;0;0;0;1;5831;0;0;0;349;345;468;0;534;535;7;1877;65521;1883;0;70;900;0;75;20;30;1;120;0;52;32;0;0;0;1;
52,5;0;0;0;0;1;5831;0;0;0;349;345;468;0;534;535;7;1877;65521;1883;0;70;900;0;75;20;30;1;120;0;52;32;0;0;0;1;
52,62;0;0;0;0;1;5831;0;0;0;349;345;468;0;534;536;7;1880;0;1882;0;70;900;0;75;20;30;1;120;0;52;32;0;0;0;1;
52,72;0;0;0;0;1;5831;0;0;0;349;345;468;0;534;536;7;1907;10;1884;0;70;900;0;75;20;30;1;120;0;52;32;0;0;0;1;
52,85;0;0;0;0;1;5831;0;0;0;349;345;468;0;534;536;7;1883;20;1883;0;70;900;0;75;20;30;1;120;0;52;32;0;0;0;1;
52,95;0;0;0;0;1;5831;0;0;0;349;345;468;0;534;537;7;1889;65525;1882;0;70;900;0;75;20;30;1;120;0;52;32;0;0;0;1;
53,07;0;0;0;0;1;5831;0;0;0;349;345;468;0;534;537;7;1894;65523;1881;0;70;900;0;75;20;30;1;120;0;52;32;0;0;0;1;
53,17;0;0;0;0;1;5831;0;0;0;349;345;468;0;534;537;0;1877;65511;1880;0;70;900;0;75;20;30;1;120;0;52;32;0;0;0;1;
53,27;0;0;0;0;1;5831;0;0;0;349;345;468;0;534;537;0;1879;65534;1882;0;70;900;0;75;20;30;1;120;0;52;32;0;0;0;1;
53,39;0;0;0;0;1;5831;0;0;0;349;343;468;0;534;537;0;1879;65516;1882;0;70;900;0;75;20;30;1;120;0;52;31;0;0;0;1;
53,49;0;0;0;0;1;5831;0;0;0;349;343;468;0;534;538;0;1876;10;1881;0;70;900;0;75;20;30;1;120;0;52;32;0;0;0;1;
53,61;0;0;0;0;1;5831;0;0;0;349;343;468;0;534;538;0;1876;7;1880;0;70;900;0;75;20;30;1;120;0;52;32;0;0;0;1;
53,71;0;0;0;0;1;5831;0;0;0;349;343;468;0;534;539;0;1852;65522;1880;0;70;900;0;75;20;30;1;120;0;52;31;0;0;0;1;
53,83;0;0;0;0;1;5831;0;0;0;349;343;468;0;534;540;0;1849;32;1882;0;70;900;0;75;20;30;1;120;0;52;32;0;0;0;1;
53,93;0;0;0;0;1;5831;0;0;0;349;343;468;0;534;541;0;1891;8;1879;0;70;900;0;75;20;30;1;120;0;52;32;0;0;0;1;
54,06;0;0;0;0;1;5831;0;0;0;349;343;468;0;534;541;0;1894;65528;1882;0;70;900;0;75;20;30;1;120;0;52;32;0;0;0;1;
54,16;0;0;0;0;1;5831;0;0;0;349;343;468;0;534;541;7;1879;65520;1879;0;70;900;0;75;20;30;1;120;0;52;32;0;0;0;1;
54,28;0;0;0;0;1;5831;0;0;0;349;343;468;0;534;542;7;1870;65519;1882;0;70;900;0;75;20;30;1;120;0;52;32;0;0;0;1;
54,38;0;0;0;0;1;5831;0;0;0;349;342;468;0;534;543;0;1882;4;1881;0;70;900;0;75;20;30;1;120;0;52;32;0;0;0;1;
54,48;0;0;0;0;1;5831;0;0;0;349;342;468;0;534;543;0;1885;13;1881;0;70;900;0;75;20;30;1;120;0;52;32;0;0;0;1;
54,6;0;0;0;0;1;5831;0;0;0;349;342;468;0;534;543;0;1891;6;1878;0;70;900;0;75;20;30;1;120;0;52;32;0;0;0;1;
54,7;0;0;0;0;1;5831;0;0;0;349;342;468;0;534;543;0;1897;33;1881;0;70;900;0;75;20;30;1;120;0;52;32;0;0;0;1;
54,82;0;0;0;0;1;5831;0;0;0;349;342;468;0;534;544;7;1864;65524;1881;0;70;900;0;75;20;30;1;120;0;52;32;0;0;0;1;
54,92;0;0;0;0;1;5831;0;0;0;349;342;468;0;534;545;7;1858;65512;1878;0;70;900;0;75;20;30;1;120;0;52;32;0;0;0;1;
55,04;0;0;0;0;1;5831;0;0;0;349;342;468;0;534;545;0;1849;65528;1881;0;70;900;0;75;20;30;1;120;0;52;32;0;0;0;1;
55,14;0;0;0;0;1;5831;0;0;0;349;342;468;0;534;545;7;1867;65526;1880;0;70;900;0;75;20;30;1;120;0;52;32;0;0;0;1;
55,27;0;0;0;0;1;5831;0;0;0;349;342;468;0;534;546;0;1898;7;1880;0;70;900;0;75;20;30;1;120;0;52;32;0;0;0;1;
55,37;0;0;0;0;1;5831;0;0;0;349;342;468;0;534;546;7;1862;65508;1880;0;70;900;0;75;20;30;1;120;0;52;32;0;0;0;1;
55,47;0;0;0;0;1;5831;0;0;0;349;342;468;0;534;547;7;1865;65523;1881;0;70;900;0;75;20;30;1;120;0;52;32;0;0;0;1;
55,59;0;0;0;0;1;5831;0;0;0;349;342;468;0;534;546;0;1879;12;1880;0;70;900;0;75;20;30;1;120;0;52;32;0;0;0;1;
55,69;0;0;0;0;1;5831;0;0;0;349;342;468;0;534;546;0;1877;65520;1880;0;70;900;0;75;20;30;1;120;0;52;32;0;0;0;1;
55,81;0;0;0;0;1;5831;0;0;0;349;342;468;0;534;546;0;1874;0;1880;0;70;900;0;75;20;30;1;120;0;52;32;0;0;0;1;
55,91;0;0;0;0;1;5831;0;0;0;349;342;468;0;534;546;0;1889;1;1880;0;70;900;0;75;20;30;1;120;0;52;34;0;0;0;1;
56,03;0;0;0;0;1;5831;0;0;0;349;342;468;0;534;547;7;1895;0;1880;0;70;900;0;75;20;30;1;120;0;52;34;0;0;0;1;
56,13;0;0;0;0;1;5831;0;0;0;349;342;468;0;534;548;7;1890;65518;1880;0;70;900;0;75;20;30;1;120;0;52;32;0;0;0;1;
56,25;0;0;0;0;1;5831;0;0;0;349;342;468;0;534;548;7;1854;65516;1880;0;70;900;0;75;20;30;1;120;0;52;32;0;0;0;1;
56,35;0;0;0;0;1;5831;0;0;0;349;342;469;0;534;548;7;1853;4;1880;0;70;900;0;75;20;30;1;120;0;52;32;0;0;0;1;
56,48;0;0;0;0;1;5831;0;0;0;349;342;469;0;534;548;7;1878;65519;1881;0;70;900;0;75;20;30;1;120;0;52;32;0;0;0;1;
56,58;0;0;0;0;1;5831;0;0;0;349;342;469;0;534;550;7;1857;0;1881;0;70;900;0;75;20;30;1;120;0;52;32;0;0;0;1;
56,68;0;0;0;0;1;5831;0;0;0;349;342;469;0;534;549;0;1884;6;1880;0;70;900;0;75;20;30;1;120;0;52;32;0;0;0;1;
56,8;0;0;0;0;1;5831;0;0;0;349;342;469;0;534;548;7;1882;65515;1880;0;70;900;0;75;20;30;1;120;0;52;32;0;0;0;1;
56,9;0;0;0;0;1;5831;0;0;0;349;342;469;0;534;551;7;1882;65515;1880;0;70;900;0;75;20;30;1;120;0;52;32;0;0;0;1;
57,02;0;0;0;0;1;5831;0;0;0;349;342;469;0;534;552;0;1886;65534;1880;0;70;900;0;75;20;30;1;120;0;52;32;0;0;0;1;
57,12;0;0;0;0;1;5831;0;0;0;349;342;469;0;534;553;7;1871;3;1883;0;70;900;0;75;20;30;1;120;0;52;32;0;0;0;1;
57,24;0;0;0;0;1;5831;0;0;0;349;342;469;0;534;553;7;1888;65515;1880;0;70;900;0;75;20;30;1;120;0;52;32;0;0;0;1;
57,34;0;0;0;0;1;5831;0;0;0;349;341;469;0;534;553;7;1902;6;1880;0;70;900;0;75;20;30;1;120;0;52;32;0;0;0;1;
57,46;0;0;0;0;1;5831;0;0;0;349;341;469;0;534;555;7;1893;36;1880;0;70;900;0;75;20;30;1;120;0;52;32;0;0;0;1;
57,56;0;0;0;0;1;5831;0;0;0;349;341;469;0;534;555;7;1899;2;1880;0;70;900;0;75;20;30;1;120;0;52;32;0;0;0;1;
57,66;0;0;0;0;1;5831;0;0;0;349;341;469;0;534;556;7;1883;65515;1880;0;70;900;0;75;20;30;1;120;0;52;32;0;0;0;1;
57,78;0;0;0;0;1;5831;0;0;0;349;341;469;0;534;555;7;1884;12;1880;0;70;900;0;75;20;30;1;120;0;52;32;0;0;0;1;
57,88;0;0;0;0;1;5831;0;0;0;349;341;469;0;534;556;7;1891;12;1880;0;70;900;0;75;20;30;1;120;0;52;32;0;0;0;1;
58,01;0;0;0;0;1;5831;0;0;0;349;341;469;0;534;556;7;1859;25;1880;0;70;900;0;75;20;30;1;120;0;52;32;0;0;0;1;
58,11;0;0;0;0;1;5831;0;0;0;349;341;469;0;534;555;7;1868;0;1880;0;70;900;0;75;20;30;1;120;0;52;31;0;0;0;1;
58,23;0;0;0;0;1;5831;0;0;0;349;341;469;0;534;555;7;1870;9;1880;0;70;900;0;75;20;30;1;120;0;52;32;0;0;0;1;
58,33;0;0;0;0;1;5831;0;0;0;349;341;469;0;534;555;7;1899;65534;1880;0;70;900;0;75;20;30;1;120;0;52;32;0;0;0;1;
58,45;0;0;0;0;1;5831;0;0;0;349;341;469;0;534;556;7;1877;9;1880;0;70;900;0;75;20;30;1;120;0;52;32;0;0;0;1;
58,55;0;0;0;0;1;5831;0;0;0;349;341;469;0;534;557;7;1886;65519;1880;0;70;900;0;75;20;30;1;120;0;52;32;0;0;0;1;
58,67;0;0;0;0;1;5831;0;0;0;349;341;469;0;534;558;7;1870;16;1880;0;70;900;0;75;20;30;1;120;0;52;32;0;0;0;1;
58,77;0;0;0;0;1;5831;0;0;0;349;341;469;0;534;559;7;1869;65510;1880;0;70;900;0;75;20;30;1;120;0;52;32;0;0;0;1;
58,87;0;0;0;0;1;5831;0;0;0;349;341;469;0;534;559;7;1864;65531;1880;0;70;900;0;75;20;30;1;120;0;52;32;0;0;0;1;
58,99;0;0;0;0;1;5831;0;0;0;349;341;469;0;534;560;7;1895;65530;1880;0;70;900;0;75;20;30;1;120;0;52;32;0;0;0;1;
59,1;0;0;0;0;1;5831;0;0;0;349;341;469;0;534;561;7;1875;12;1880;0;70;900;0;75;20;30;1;120;0;52;32;0;0;0;1;
59,22;0;0;0;0;1;5831;0;0;0;349;341;469;0;534;560;7;1893;24;1880;0;70;900;0;75;20;30;1;120;0;52;32;0;0;0;1;
59,32;0;0;0;0;1;5831;0;0;0;349;341;469;0;534;561;7;1832;65512;1880;0;70;900;0;75;20;30;1;120;0;52;32;0;0;0;1;
59,44;0;0;0;0;1;5831;0;0;0;349;341;469;0;534;560;7;1867;65530;1884;0;70;900;0;75;20;30;1;120;0;52;32;0;0;0;1;
59,54;0;0;0;0;1;5831;0;0;0;349;341;469;0;534;560;7;1887;8;1881;0;70;900;0;75;20;30;1;120;0;52;32;0;0;0;1;
59,66;0;0;0;0;1;5831;0;0;0;349;341;469;0;534;561;7;1880;20;1881;0;70;900;0;75;20;30;1;120;0;52;32;0;0;0;1;
59,76;0;0;0;0;1;5831;0;0;0;349;341;469;0;534;561;7;1880;65514;1872;0;70;900;0;75;20;30;1;120;0;52;32;0;0;0;1;
59,86;0;0;0;0;1;5831;0;0;0;349;341;469;0;534;562;7;1893;13;1880;0;70;900;0;75;20;30;1;120;0;52;32;0;0;0;1;
59,98;0;0;0;0;1;5831;0;0;0;349;341;469;0;534;562;7;1878;22;1881;0;70;900;0;75;20;30;1;120;0;52;32;0;0;0;1;
60,08;0;0;0;0;1;5831;0;0;0;349;341;469;0;534;563;7;1867;22;1881;0;70;900;0;75;20;30;1;120;0;52;32;0;0;0;1;
60,21;0;0;0;0;1;5831;0;0;0;349;341;469;0;534;562;7;1858;13;1880;0;70;900;0;75;20;30;1;120;0;52;32;0;0;0;1;
60,31;0;0;0;0;1;5831;0;0;0;349;341;470;0;534;562;7;1858;13;1880;0;70;900;0;75;20;30;1;120;0;52;32;0;0;0;1;
60,43;0;0;0;0;1;5831;0;0;0;349;341;470;0;534;563;7;1879;7;1881;0;70;900;0;75;20;30;1;120;0;52;32;0;0;0;1;
60,53;0;0;0;0;1;5831;0;0;0;349;341;470;0;534;563;7;1893;65530;1880;0;70;900;0;75;20;30;1;120;0;52;32;0;0;0;1;
60,65;0;0;0;0;1;5831;0;0;0;349;341;470;0;534;563;7;1855;65506;1880;0;70;900;0;75;20;30;1;120;0;52;32;0;0;0;1;
60,76;0;0;0;0;1;5831;0;0;0;349;341;470;0;534;563;7;1896;24;1880;0;70;900;0;75;20;30;1;120;0;52;27;0;0;0;1;
60,88;0;0;0;0;1;5831;0;0;0;349;341;470;0;534;563;7;1867;65533;1880;0;70;900;0;75;20;30;1;120;0;52;32;0;0;0;1;
60,98;0;0;0;0;1;5831;0;0;0;349;341;470;0;534;563;7;1876;6;1880;0;70;900;0;75;20;30;1;120;0;52;32;0;0;0;1;
61,08;0;0;0;0;1;5831;0;0;0;349;341;470;0;534;563;7;1884;15;1880;0;70;900;0;75;20;30;1;120;0;52;32;0;0;0;1;
61,2;0;0;0;0;1;5831;0;0;0;349;341;470;0;534;563;7;1893;18;1880;0;70;900;0;75;20;30;1;120;0;52;32;0;0;0;1;
61,3;0;0;0;0;1;5831;0;0;0;349;341;470;0;534;563;7;1858;65520;1880;0;70;900;0;75;20;30;1;120;0;52;32;0;0;0;1;
61,42;0;0;0;0;1;5831;0;0;0;349;341;470;0;534;565;7;1865;11;1880;0;70;900;0;75;20;30;1;120;0;52;32;0;0;0;1;
61,52;0;0;0;0;1;5831;0;0;0;349;341;470;0;534;565;7;1879;4;1880;0;70;900;0;75;20;30;1;120;0;52;32;0;0;0;1;
61,68;0;0;0;0;1;5831;0;0;0;349;341;470;0;534;565;7;1883;65516;1880;0;70;900;0;75;20;30;1;120;0;52;32;0;0;0;1;
61,78;0;0;0;0;1;5831;0;0;0;349;341;470;0;534;565;7;1882;65513;1880;0;70;900;0;75;20;30;1;120;0;52;32;0;0;0;1;
61,9;0;0;0;0;1;5831;0;0;0;349;341;470;0;534;566;7;1880;65504;1880;0;70;900;0;75;20;30;1;120;0;52;32;0;0;0;1;
62;0;0;0;0;1;5831;0;0;0;349;341;470;0;534;567;7;1861;1;1881;0;70;900;0;75;20;30;1;120;0;52;32;0;0;0;1;
62,1;0;0;0;0;1;5831;0;0;0;349;341;470;0;534;567;7;1908;65535;1880;0;70;900;0;75;20;30;1;120;0;52;32;0;0;0;1;
62,22;0;0;0;0;1;5831;0;0;0;349;341;470;0;534;566;7;1878;19;1883;0;70;900;0;75;20;30;1;120;0;52;32;0;0;0;1;
62,32;0;0;0;0;1;5831;0;0;0;349;341;470;0;534;567;7;1897;65524;1881;0;70;900;0;75;20;30;1;120;0;52;32;0;0;0;1;
62,44;0;0;0;0;1;5831;0;0;0;349;341;470;0;534;567;7;1888;37;1881;0;70;900;0;75;20;30;1;120;0;52;32;0;0;0;1;
62,54;0;0;0;0;1;5831;0;0;0;349;341;470;0;534;567;7;1875;65496;1881;0;70;900;0;75;20;30;1;120;0;52;32;0;0;0;1;
62,67;0;0;0;0;1;5831;0;0;0;349;341;470;0;534;567;7;1887;65518;1880;0;70;900;0;75;20;30;1;120;0;52;32;0;0;0;1;
62,77;0;0;0;0;1;5831;0;0;0;349;341;470;0;534;568;7;1901;28;1880;0;70;900;0;75;20;30;1;120;0;52;32;0;0;0;1;
62,89;0;0;0;0;1;5831;0;0;0;349;341;470;0;534;568;7;1860;65510;1878;0;70;900;0;75;20;30;1;120;0;52;32;0;0;0;1;
62,99;0;0;0;0;1;5831;0;0;0;349;341;470;0;534;568;7;1901;5;1881;0;70;900;0;75;20;30;1;120;0;52;32;0;0;0;1;
63,09;0;0;0;0;1;5831;0;0;0;349;341;470;0;534;569;7;1895;27;1881;0;70;900;0;75;20;30;1;120;0;52;32;0;0;0;1;
63,21;0;11;10000;0;1;5831;2500;2500;86;349;341;470;0;523;730;7;1754;8240;1885;7997;70;900;0;75;20;30;1;120;0;52;38;0;0;0;1;
63,31;6;82;9974;0;1;5831;2493;2493;522;349;341;470;0;513;1639;35;1668;7610;1798;7975;70;900;0;75;20;30;1;120;0;52;1277;0;0;0;1;
63,43;18;221;9939;0;1;5831;2484;2484;870;349;341;470;0;497;2024;84;966;7799;1172;7946;70;900;0;75;20;30;1;120;0;52;1277;0;0;0;1;
63,53;34;429;9953;0;1;5831;2488;2488;1148;349;341;470;0;494;2169;133;1647;7879;988;7959;70;900;0;75;20;30;1;120;0;52;1981;0;0;0;1;
63,65;52;647;10000;0;1;5831;2500;2500;1215;349;341;470;0;488;2497;182;315;9720;1263;9652;70;900;0;75;20;30;1;120;0;52;2216;0;0;0;1;
63,76;68;842;9974;0;1;5831;2493;2493;1445;349;341;470;0;489;2687;217;599;10156;1159;9625;70;900;0;75;20;30;1;120;0;52;2216;0;0;0;1;
63,88;83;1025;9946;0;1;5831;2486;2486;1586;349;341;470;0;490;2767;245;669;9387;804;9598;70;900;0;75;20;30;1;120;0;52;2230;0;0;0;1;
63,98;95;1167;9946;0;1;5831;2486;2486;1792;349;341;470;0;490;2807;252;339;9552;1043;9598;70;900;0;75;20;30;1;120;0;52;2220;0;0;0;1;
64,1;104;1277;9974;0;1;5831;2493;2493;1917;349;341;470;0;490;2822;273;360;10617;1220;9625;70;900;0;75;20;30;1;120;0;52;2220;0;0;0;1;
64,2;110;1361;9960;0;1;5831;2490;2490;2025;349;341;470;0;488;2856;294;65377;9167;1395;9652;70;900;0;75;20;30;1;120;0;52;2307;0;0;0;1;
64,32;120;1477;9993;0;1;5831;2498;2498;2179;350;339;470;0;486;2846;301;1576;9736;1027;9644;70;900;0;75;20;30;1;120;0;52;2371;0;0;0;1;
64,42;122;1505;9974;0;1;5831;2493;2493;2238;350;339;470;0;488;2849;315;548;9006;445;9625;70;900;0;75;20;30;1;120;0;52;2371;0;0;0;1;
64,54;125;1534;9946;0;1;5831;2486;2486;2284;350;339;470;0;487;2846;322;775;9985;1217;9598;70;900;0;75;20;30;1;120;0;52;2202;0;0;0;1;
64,64;126;1557;9960;0;1;5831;2490;2490;2286;350;339;470;0;488;2872;329;1274;9605;1280;9795;70;900;0;75;20;30;1;120;0;52;2390;0;0;0;1;
64,76;128;1578;9939;0;1;5831;2484;2484;2322;350;339;470;0;485;2884;336;925;9527;1165;9772;70;900;0;75;20;30;1;120;0;52;2390;0;0;0;1;
64,86;131;1610;10000;0;1;5831;2500;2500;2349;350;339;470;0;486;2892;343;571;9570;800;9835;70;900;0;75;20;30;1;120;0;52;2313;0;0;0;1;
64,99;134;1652;9986;0;1;5831;2496;2496;2269;350;339;470;0;486;2888;343;568;9572;611;9819;70;900;0;75;20;30;1;120;0;52;2214;0;0;0;1;
65,09;138;1702;10000;0;1;5831;2500;2500;2204;350;339;470;0;488;2920;343;488;10365;781;9819;70;900;0;75;20;30;1;120;0;52;2214;0;0;0;1;
65,21;147;1814;9939;0;1;5831;2484;2484;2086;350;339;470;0;490;2938;350;847;9555;215;9772;70;900;0;75;20;30;1;120;0;52;2226;0;0;0;1;
65,31;152;1873;9979;0;1;5831;2494;2494;2033;365;355;470;0;489;2906;350;647;10155;1043;9811;70;900;0;75;20;30;1;120;0;52;2133;0;0;0;1;
65,43;157;1931;9979;0;1;5831;2494;2494;1989;365;355;470;0;490;2885;350;344;9606;613;9811;70;900;0;75;20;30;1;120;0;52;2133;0;0;0;1;
65,53;162;1989;10000;0;1;5831;2500;2500;1951;365;355;470;0;491;2887;350;65311;9747;639;9835;70;900;0;75;20;30;1;120;0;52;2088;0;0;0;1;
65,65;166;2045;9967;0;1;5831;2491;2491;1916;365;355;470;0;490;2896;350;572;9536;189;9799;70;900;0;75;20;30;1;120;0;52;2000;0;0;0;1;
65,75;171;2100;10000;0;1;5831;2500;2500;1883;365;355;470;0;491;2903;350;283;9629;373;9835;70;900;0;75;20;30;1;120;0;52;2027;0;0;0;1;
65,88;175;2153;9946;0;1;5831;2486;2486;1855;365;355;470;0;492;2885;350;1159;9591;29;9779;70;900;0;75;20;30;1;120;0;52;2027;0;0;0;1;
65,97;179;2202;10000;0;1;5831;2500;2500;1828;365;355;470;0;492;2876;350;731;9616;307;9835;70;900;0;75;20;30;1;120;0;52;1913;0;0;0;1;
66,1;183;2247;10000;0;1;5831;2500;2500;1815;365;355;470;0;494;2869;350;27;9805;566;9835;70;900;0;75;20;30;1;120;0;52;1913;0;0;0;1;
66,2;186;2292;10000;0;1;5831;2500;2500;1791;365;355;470;0;493;2875;357;134;9392;423;9835;70;900;0;75;20;30;1;120;0;51;2000;0;0;0;1;
66,32;193;2372;9986;0;1;5831;2496;2496;1736;380;371;470;0;493;2856;371;943;10034;231;9819;70;900;0;75;20;30;1;120;0;51;1868;0;0;0;1;
66,42;196;2410;10000;0;1;5831;2500;2500;1726;380;371;470;0;491;2862;371;171;9757;446;9835;70;900;0;75;20;30;1;120;0;51;1838;0;0;0;1;
66,54;199;2445;10000;0;1;5831;2500;2500;1701;380;371;470;0;493;2843;378;65157;10626;517;9835;70;900;0;75;20;30;1;120;0;51;1838;0;0;0;1;
66,64;202;2479;9967;0;1;5831;2491;2491;1698;380;371;470;0;494;2901;392;828;9404;115;9799;70;900;0;75;20;30;1;120;0;51;1841;0;0;0;1;
66,76;204;2511;9967;0;1;5831;2491;2491;1677;380;371;470;0;494;2901;392;788;10510;85;9799;70;900;0;75;20;30;1;120;0;51;1816;0;0;0;1;
66,86;207;2541;9893;0;1;5831;2473;2473;1670;380;371;470;0;495;2870;399;221;9464;274;9728;70;900;0;75;20;30;1;120;0;51;1816;0;0;0;1;
66,99;209;2569;9939;0;1;5831;2484;2484;1662;380;371;470;0;494;2866;399;334;9329;290;9772;70;900;0;75;20;30;1;120;0;51;1778;0;0;0;1;
67,08;211;2597;9960;0;1;5831;2490;2490;1611;380;371;470;0;495;2772;420;247;8090;130;9795;70;900;0;75;20;30;1;120;0;51;1785;0;0;0;1;
67,21;216;2655;9960;0;1;5831;2490;2490;1511;380;371;470;0;495;2510;469;1030;7863;0;9795;70;900;0;75;20;30;1;120;0;51;1785;0;0;0;1;
67,31;218;2686;9939;0;1;5831;2484;2484;1455;390;381;470;0;495;2510;469;1030;7863;0;9772;70;900;0;75;20;30;1;120;0;51;1804;0;0;0;1;
67,43;221;2717;9979;0;1;5831;2494;2494;1412;390;381;470;0;496;2392;497;192;7822;79;9811;70;900;0;75;20;30;1;120;0;51;1697;0;0;0;1;
67,53;224;2749;9979;0;1;5831;2494;2494;1373;390;381;470;0;496;2356;504;721;7687;124;9811;70;900;0;75;20;30;1;120;0;51;1697;0;0;0;1;
67,65;226;2780;9993;0;1;5831;2498;2498;1332;390;381;470;0;498;2320;518;6;7446;197;9827;70;900;0;75;20;30;1;120;0;51;1618;0;0;0;1;
67,75;229;2811;10000;0;1;5831;2500;2500;1295;390;381;470;0;498;2290;518;50;7574;194;9835;70;900;0;75;20;30;1;120;0;51;1676;0;0;0;1;
67,87;231;2842;10000;0;1;5831;2500;2500;1267;390;381;470;0;497;2257;532;817;8291;495;9835;70;900;0;75;20;30;1;120;0;51;1676;0;0;0;1;
67,97;233;2871;9939;0;1;5831;2484;2484;1235;390;381;470;0;498;2225;525;692;7808;77;9772;70;900;0;75;20;30;1;120;0;51;1701;0;0;0;1;
68,1;236;2901;9974;0;1;5831;2493;2493;1202;390;381;470;0;497;2199;532;442;7563;172;9807;70;900;0;75;20;30;1;120;0;48;1612;0;0;0;1;
68,19;238;2930;9967;0;1;5831;2491;2491;1174;390;381;470;0;498;2168;532;203;7392;412;9799;70;900;0;75;20;30;1;120;0;48;1612;0;0;0;1;
68,32;243;2988;9953;0;1;5831;2488;2488;1124;397;389;470;0;499;2132;553;766;7134;156;9787;70;900;0;75;20;30;1;120;0;48;1523;0;0;0;1;
68,42;245;3016;9912;0;1;5831;2478;2478;1101;397;389;470;0;499;2104;553;48;6421;127;9748;70;900;0;75;20;30;1;120;0;48;1539;0;0;0;1;
68,54;247;3043;9960;0;1;5831;2490;2490;1078;397;389;470;0;500;2077;553;631;6924;116;9795;70;900;0;75;20;30;1;120;0;48;1539;0;0;0;1;
68,64;250;3068;9939;0;1;5831;2484;2484;1061;397;389;470;0;500;2069;553;82;6490;233;9772;70;900;0;75;20;30;1;120;0;48;1527;0;0;0;1;
68,76;252;3094;9979;0;1;5831;2494;2494;1044;397;389;470;0;500;2059;553;65247;6892;119;9811;70;900;0;75;20;30;1;120;0;48;1551;0;0;0;1;
68,86;254;3118;10000;0;1;5831;2500;2500;1025;397;389;470;0;501;2042;546;620;7123;369;9835;70;900;0;75;20;30;1;120;0;48;1551;0;0;0;1;
68,99;256;3143;9993;0;1;5831;2498;2498;1005;397;389;470;0;500;2010;553;329;7651;420;9827;70;900;0;75;20;30;1;120;0;48;1512;0;0;0;1;
69,09;258;3167;10000;0;1;5831;2500;2500;988;397;389;470;0;501;1979;553;775;7741;643;9835;70;900;0;75;20;30;1;120;0;48;1418;0;0;0;1;
69,21;261;3212;10000;0;1;5831;2500;2500;959;397;389;470;0;501;1955;553;300;7255;116;9835;70;900;0;75;20;30;1;120;0;48;1418;0;0;0;1;
69,31;263;3234;9986;0;1;5831;2496;2496;945;397;389;471;0;501;1945;553;769;7287;370;9819;70;900;0;75;20;30;1;120;0;48;1447;0;0;0;1;
69,43;265;3256;9986;0;1;5831;2496;2496;929;397;389;471;0;501;1922;553;17;5985;191;9819;70;900;0;75;20;30;1;120;0;48;1478;0;0;0;1;
69,53;266;3276;9979;0;1;5831;2494;2494;918;397;389;471;0;502;1908;553;1230;6281;0;9811;70;900;0;75;20;30;1;120;0;48;1444;0;0;0;1;
69,65;268;3297;9967;0;1;5831;2491;2491;901;397;389;471;0;501;1899;553;320;5730;335;9799;70;900;0;75;20;30;1;120;0;48;1444;0;0;0;1;
69,75;270;3317;10000;0;1;5831;2500;2500;891;397;389;471;0;501;1893;553;840;6804;207;9835;70;900;0;75;20;30;1;120;0;48;1420;0;0;0;1;
69,87;271;3336;9993;0;1;5831;2498;2498;880;397;389;471;0;503;1870;553;767;5958;241;9827;70;900;0;75;20;30;1;120;0;45;1438;0;0;0;1;
69,97;273;3355;9939;0;1;5831;2484;2484;869;397;389;471;0;502;1854;553;792;6636;117;9772;70;900;0;75;20;30;1;120;0;45;1438;0;0;0;1;
70,1;274;3373;9979;0;1;5831;2494;2494;858;397;389;471;0;501;1840;553;957;6000;0;9811;70;900;0;75;20;30;1;120;0;45;1383;0;0;0;1;
70,2;276;3391;9986;0;1;5831;2496;2496;849;397;389;471;0;501;1838;553;245;6643;324;9835;70;900;0;75;20;30;1;120;0;45;1352;0;0;0;1;
70,32;279;3425;10000;0;1;5831;2500;2500;830;397;389;471;0;502;1809;553;786;6119;0;9835;70;900;0;75;20;30;1;120;0;45;1352;0;0;0;1;
70,42;280;3441;9967;0;1;5831;2491;2491;821;397;389;471;0;502;1798;553;390;6334;293;9799;70;900;0;75;20;30;1;120;0;45;1341;0;0;0;1;
70,54;281;3458;10000;0;1;5831;2500;2500;811;397;389;471;0;501;1789;553;281;6036;194;9835;70;900;0;75;20;30;1;120;0;45;1339;0;0;0;1;
70,64;282;3472;9993;0;1;5831;2498;2498;804;397;389;471;0;503;1783;553;194;6260;267;9827;70;900;0;75;20;30;1;120;0;45;1339;0;0;0;1;
70,76;284;3487;9953;0;1;5831;2488;2488;799;397;389;471;0;503;1784;553;205;5392;235;9787;70;900;0;75;20;30;1;120;0;45;1326;0;0;0;1;
70,86;285;3502;9939;0;1;5831;2484;2484;791;397;389;471;0;504;1765;553;1215;5789;0;9772;70;900;0;75;20;30;1;120;0;45;1319;0;0;0;1;
70,98;286;3517;9974;0;1;5831;2493;2493;779;397;389;471;0;503;1745;553;224;5581;135;9807;70;900;0;75;20;30;1;120;0;45;1319;0;0;0;1;
71,08;287;3531;10000;0;1;5831;2500;2500;770;397;389;471;0;503;1741;553;294;5621;131;9835;70;900;0;75;20;30;1;120;0;45;1283;0;0;0;1;
71,21;288;3545;10000;0;1;5831;2500;2500;768;397;389;471;0;503;1743;553;82;6044;392;9835;70;900;0;75;20;30;1;120;0;45;1326;0;0;0;1;
71,31;290;3559;9960;0;1;5831;2490;2490;761;397;389;471;0;504;1728;553;540;6465;203;9795;70;900;0;75;20;30;1;120;0;45;1326;0;0;0;1;
71,43;292;3587;9953;0;1;5831;2488;2488;747;395;386;471;0;504;1708;553;41;5776;2;9787;70;900;0;75;20;30;1;120;0;45;1286;0;0;0;1;
71,53;293;3600;9986;0;1;5831;2496;2496;739;395;386;471;0;503;1693;553;695;5369;15;9819;70;900;0;75;20;30;1;120;0;45;1270;0;0;0;1;
71,65;294;3615;9974;0;1;5831;2493;2493;735;395;386;471;0;504;1692;553;65370;5869;490;9807;70;900;0;75;20;30;1;120;0;45;1270;0;0;0;1;
71,75;295;3628;10000;0;1;5831;2500;2500;725;395;386;471;0;505;1679;553;1052;6846;112;9835;70;900;0;75;20;30;1;120;0;43;1244;0;0;0;1;
71,87;296;3640;9974;0;1;5831;2493;2493;718;395;386;471;0;505;1677;553;65529;5751;263;9807;70;900;0;75;20;30;1;120;0;43;1208;0;0;0;1;
71,97;297;3654;10000;0;1;5831;2500;2500;714;395;386;471;0;504;1672;553;322;5411;217;9835;70;900;0;75;20;30;1;120;0;43;1208;0;0;0;1;
72,1;298;3667;9986;0;1;5831;2496;2496;709;395;386;471;0;505;1666;553;127;5875;455;9819;70;900;0;75;20;30;1;120;0;43;1250;0;0;0;1;
72,2;299;3679;9946;0;1;5831;2486;2486;705;395;386;471;0;506;1661;560;183;5963;271;9779;70;900;0;75;20;30;1;120;0;43;1213;0;0;0;1;
72,32;301;3704;9986;0;1;5831;2496;2496;691;393;384;471;0;505;1644;553;483;5589;305;9819;70;900;0;75;20;30;1;120;0;43;1213;0;0;0;1;
72,42;302;3716;9986;0;1;5831;2496;2496;689;393;384;471;0;505;1625;560;359;5390;281;9819;70;900;0;75;20;30;1;120;0;43;1236;0;0;0;1;
72,54;303;3727;9974;0;1;5831;2493;2493;683;393;384;471;0;506;1615;560;65341;5950;377;9807;70;900;0;75;20;30;1;120;0;43;1209;0;0;0;1;
72,64;304;3737;9967;0;1;5831;2491;2491;676;393;384;471;0;505;1605;560;987;5654;40;9799;70;900;0;75;20;30;1;120;0;43;1187;0;0;0;1;
72,76;305;3749;9960;0;1;5831;2490;2490;670;393;384;471;0;504;1596;553;877;5528;0;9795;70;900;0;75;20;30;1;120;0;43;1187;0;0;0;1;
72,86;306;3761;9993;0;1;5831;2498;2498;663;393;384;471;0;505;1599;560;928;4828;286;9827;70;900;0;75;20;30;1;120;0;43;1153;0;0;0;1;
72,99;307;3773;9979;0;1;5831;2494;2494;658;393;384;471;0;505;1579;560;195;5610;283;9811;70;900;0;75;20;30;1;120;0;43;1153;0;0;0;1;
73,09;308;3782;9993;0;1;5831;2498;2498;654;393;384;471;0;505;1587;560;509;5558;161;9827;70;900;0;75;20;30;1;120;0;43;1190;0;0;0;1;
73,21;309;3793;10000;0;1;5831;2500;2500;652;393;384;471;0;505;1595;553;375;5522;62;9835;70;900;0;75;20;30;1;120;0;43;1144;0;0;0;1;
73,31;309;3803;10000;0;1;5831;2500;2500;650;393;384;471;0;505;1589;560;388;4974;0;9835;70;900;0;75;20;30;1;120;0;43;1144;0;0;0;1;
73,43;311;3822;9967;0;1;5831;2491;2491;640;391;383;471;0;505;1567;560;579;6032;256;9799;70;900;0;75;20;30;1;120;0;43;1238;0;0;0;1;
73,53;312;3833;9960;0;1;5831;2490;2490;637;391;383;471;0;506;1560;560;658;5590;199;9795;70;900;0;75;20;30;1;120;0;43;1178;0;0;0;1;
73,65;313;3843;10000;0;1;5831;2500;2500;634;391;383;471;0;506;1564;560;65474;5157;198;9835;70;900;0;75;20;30;1;120;0;41;1190;0;0;0;1;
73,75;314;3853;9953;0;1;5831;2488;2488;630;391;383;471;0;507;1554;560;486;5236;6;9787;70;900;0;75;20;30;1;120;0;41;1190;0;0;0;1;
73,87;314;3863;10000;0;1;5831;2500;2500;626;391;383;471;0;506;1541;560;745;5719;105;9835;70;900;0;75;20;30;1;120;0;41;1236;0;0;0;1;
73,97;315;3871;10000;0;1;5831;2500;2500;622;391;383;471;0;507;1536;560;293;5911;239;9835;70;900;0;75;20;30;1;120;0;41;1236;0;0;0;1;
74,07;316;3881;10000;0;1;5831;2500;2500;620;391;383;471;0;505;1533;560;795;4755;65;9835;70;900;0;75;20;30;1;120;0;41;1175;0;0;0;1;
74,2;316;3889;10000;0;1;5831;2500;2500;615;391;383;471;0;506;1532;560;801;5573;22;9835;70;900;0;75;20;30;1;120;0;41;1149;0;0;0;1;
74,3;317;3898;9919;0;1;5831;2479;2479;614;390;383;471;0;506;1536;560;158;5244;217;9772;70;900;0;75;20;30;1;120;0;41;1178;0;0;0;1;
74,42;318;3912;9967;0;1;5831;2491;2491;609;390;383;471;0;506;1529;560;573;5366;131;9799;70;900;0;75;20;30;1;120;0;41;1178;0;0;0;1;
74,52;319;3920;9974;0;1;5831;2493;2493;604;390;383;471;0;506;1517;560;1069;5877;0;9807;70;900;0;75;20;30;1;120;0;41;1147;0;0;0;1;
74,64;320;3927;9974;0;1;5831;2493;2493;604;390;383;471;0;508;1514;560;834;5075;0;9807;70;900;0;75;20;30;1;120;0;41;1169;0;0;0;1;
74,74;320;3933;9993;0;1;5831;2498;2498;602;390;383;471;0;505;1520;560;151;4985;187;9827;70;900;0;75;20;30;1;120;0;41;1169;0;0;0;1;
74,87;321;3941;9986;0;1;5831;2496;2496;598;390;383;471;0;507;1509;560;611;4595;182;9819;70;900;0;75;20;30;1;120;0;41;1107;0;0;0;1;
74,97;321;3948;9993;0;1;5831;2498;2498;595;390;383;471;0;506;1496;560;448;5387;5;9827;70;900;0;75;20;30;1;120;0;41;1118;0;0;0;1;
75,09;322;3954;9986;0;1;5831;2496;2496;594;390;383;471;0;506;1498;560;65403;5380;273;9819;70;900;0;75;20;30;1;120;0;41;1118;0;0;0;1;
75,19;322;3960;9960;0;1;5831;2490;2490;592;390;383;471;0;506;1496;560;50;5261;128;9799;70;900;0;75;20;30;1;120;0;41;1107;0;0;0;1;
75,31;323;3972;10000;0;2;5831;2500;2500;590;388;380;471;0;505;1503;560;707;4701;139;9835;70;900;0;75;20;30;1;120;0;41;1095;0;0;0;1;
75,41;323;3975;9979;0;2;5831;2494;2494;588;388;380;471;0;506;1493;560;342;5149;0;9811;70;900;0;75;20;30;1;120;0;41;1095;0;0;0;1;
75,53;324;3979;10000;0;2;5831;2500;2500;586;388;380;471;0;506;1489;560;332;5275;349;9835;70;900;0;75;20;30;1;120;0;40;1119;0;0;0;1;
75,63;324;3983;9974;0;2;5831;2493;2493;585;388;380;471;0;506;1497;560;279;4411;39;9807;70;900;0;75;20;30;1;120;0;40;1141;0;0;0;1;
75,76;324;3987;9939;0;2;5831;2484;2484;585;388;380;471;0;507;1494;560;474;5377;377;9772;70;900;0;75;20;30;1;120;0;40;1141;0;0;0;1;
75,86;325;3990;9993;0;2;5831;2498;2498;583;388;380;471;0;507;1492;560;596;4670;65;9827;70;900;0;75;20;30;1;120;0;40;1118;0;0;0;1;
75,98;325;3993;9933;0;2;5831;2483;2483;583;388;380;471;0;506;1489;560;879;5075;64;9768;70;900;0;75;20;30;1;120;0;40;1162;0;0;0;1;
76,08;325;3996;9967;0;2;5831;2491;2491;582;388;380;471;0;508;1487;560;248;4836;161;9768;70;900;0;75;20;30;1;120;0;40;1173;0;0;0;1;
76,24;326;4001;10000;0;2;5831;2500;2500;581;388;380;471;0;506;1488;560;750;4877;6;9835;70;900;0;75;20;30;1;120;0;40;1173;0;0;0;1;
76,34;326;4004;9893;0;2;5831;2473;2473;577;388;380;471;0;507;1478;560;477;5723;292;9728;70;900;0;75;20;30;1;120;0;40;1153;0;0;0;1;
76,46;326;4008;10000;0;2;5831;2500;2500;575;388;380;471;0;507;1472;560;758;4689;0;9835;70;900;0;75;20;30;1;120;0;40;1194;0;0;0;1;
76,56;326;4012;9974;0;2;5831;2493;2493;574;388;380;471;0;507;1469;560;351;4798;232;9807;70;900;0;75;20;30;1;120;0;40;1194;0;0;0;1;
76,68;327;4015;9967;0;2;5831;2491;2491;573;388;380;471;0;506;1474;560;299;4390;128;9799;70;900;0;75;20;30;1;120;0;40;1170;0;0;0;1;
76,78;327;4017;10000;0;2;5831;2500;2500;574;388;380;471;0;507;1480;560;491;4949;161;9835;70;900;0;75;20;30;1;120;0;40;1109;0;0;0;1;
76,91;327;4020;10000;0;2;5831;2500;2500;572;388;380;471;0;507;1473;560;145;5281;179;9835;70;900;0;75;20;30;1;120;0;40;1109;0;0;0;1;
77,01;327;4023;9974;0;2;5831;2493;2493;572;388;380;471;0;506;1469;560;618;4976;0;9835;70;900;0;75;20;30;1;120;0;40;1138;0;0;0;1;
77,13;328;4026;9993;0;2;5831;2498;2498;571;388;380;471;0;506;1477;560;57;4950;0;9827;70;900;0;75;20;30;1;120;0;40;1108;0;0;0;1;
77,23;328;4027;9986;0;2;5831;2496;2496;571;388;380;471;0;506;1477;560;65527;5383;240;9819;70;900;0;75;20;30;1;120;0;40;1108;0;0;0;1;
77,35;328;4029;9967;0;2;5831;2491;2491;571;386;379;471;0;506;1478;560;65509;4623;207;9799;70;900;0;75;20;30;1;120;0;38;1120;0;0;0;1;
77,45;328;4029;9993;0;2;5831;2498;2498;569;386;379;471;0;508;1472;560;872;4954;53;9827;70;900;0;75;20;30;1;120;0;38;1156;0;0;0;1;
77,57;328;4030;10000;0;2;5831;2500;2500;569;386;379;471;0;507;1472;560;382;5292;37;9835;70;900;0;75;20;30;1;120;0;38;1156;0;0;0;1;
77,67;328;4031;9979;0;2;5831;2494;2494;571;386;379;471;0;506;1483;560;341;4749;50;9811;70;900;0;75;20;30;1;120;0;38;1075;0;0;0;1;
77,79;328;4034;9974;0;2;5831;2493;2493;569;386;379;471;0;507;1470;560;888;4880;91;9807;70;900;0;75;20;30;1;120;0;38;1097;0;0;0;1;
77,89;328;4034;10000;0;2;5831;2500;2500;568;386;379;471;0;507;1463;560;605;4573;102;9819;70;900;0;75;20;30;1;120;0;38;1091;0;0;0;1;
78,02;328;4037;9993;0;2;5831;2498;2498;566;386;379;471;0;506;1464;560;728;4773;0;9827;70;900;0;75;20;30;1;120;0;38;1091;0;0;0;1;
